id,type,name,state,region,total_inflow,total_outflow,total_flow,edge_count,lat,lon,coordinate_status,geocode_priority,geocode_query,notes
OHOU-TX1,transplant_center,Ohio State University Medical Center,Ohio,Region  11,530,0,530,46,,,missing,1,"Ohio State University Medical Center, Ohio (transplant center hospital)",
NYUC-TX1,transplant_center,NYU Langone Health,New York,Region  9,503,0,503,51,,,missing,1,"NYU Langone Health, New York (transplant center hospital)",
DCGU-TX1,transplant_center,Medstar Georgetown Transplant Institute,District of Columbia,Region  2,502,0,502,44,,,missing,1,"Medstar Georgetown Transplant Institute, District of Columbia (transplant center hospital)",
VAMC-TX1,transplant_center,"VCU Health System Authority, VCUMC",Virginia,Region  11,490,0,490,41,,,missing,1,"VCU Health System Authority, VCUMC, Virginia (transplant center hospital)",
FLSL-TX1,transplant_center,Mayo Clinic Hospital Florida,Florida,Region  3,470,0,470,46,,,missing,1,"Mayo Clinic Hospital Florida, Florida (transplant center hospital)",
WIUW-TX1,transplant_center,University of Wisconsin Hospital and Clinics,Wisconsin,Region  7,438,0,438,46,,,missing,1,"University of Wisconsin Hospital and Clinics, Wisconsin (transplant center hospital)",
NYCP-TX1,transplant_center,NY Presbyterian Hospital/Columbia Univ. Medical Center,New York,Region  9,424,0,424,51,,,missing,1,"NY Presbyterian Hospital/Columbia Univ. Medical Center, New York (transplant center hospital)",
FLUF-TX1,transplant_center,UF Health Shands Hospital,Florida,Region  3,406,0,406,33,,,missing,1,"UF Health Shands Hospital, Florida (transplant center hospital)",
MDJH-TX1,transplant_center,Johns Hopkins Hospital,Maryland,Region  2,397,0,397,42,,,missing,1,"Johns Hopkins Hospital, Maryland (transplant center hospital)",
NYNS-TX1,transplant_center,North Shore University Hospital/Northwell Health,New York,Region  9,373,0,373,43,,,missing,1,"North Shore University Hospital/Northwell Health, New York (transplant center hospital)",
FLFH-TX1,transplant_center,AdventHealth Orlando,Florida,Region  3,351,0,351,35,,,missing,1,"AdventHealth Orlando, Florida (transplant center hospital)",
NCCM-TX1,transplant_center,Carolinas Medical Center,North Carolina,Region  11,334,0,334,33,,,missing,1,"Carolinas Medical Center, North Carolina (transplant center hospital)",
VAUV-TX1,transplant_center,University of Virginia Health Sciences Center,Virginia,Region  11,333,0,333,40,,,missing,1,"University of Virginia Health Sciences Center, Virginia (transplant center hospital)",
NYMA-TX1,transplant_center,Montefiore Medical Center,New York,Region  9,298,0,298,44,,,missing,1,"Montefiore Medical Center, New York (transplant center hospital)",
ILLU-TX1,transplant_center,Loyola University Medical Center,Illinois,Region  7,295,0,295,38,,,missing,1,"Loyola University Medical Center, Illinois (transplant center hospital)",
NJSB-TX1,transplant_center,Saint Barnabas Medical Center,New Jersey,Region  2,295,0,295,39,,,missing,1,"Saint Barnabas Medical Center, New Jersey (transplant center hospital)",
TXBC-TX1,transplant_center,"University Hospital, University of Texas Health Science Center",Texas,Region  4,288,0,288,36,,,missing,1,"University Hospital, University of Texas Health Science Center, Texas (transplant center hospital)",
OHUH-TX1,transplant_center,University Hospitals of Cleveland,Ohio,Region  11,265,0,265,32,,,missing,1,"University Hospitals of Cleveland, Ohio (transplant center hospital)",
OHUC-TX1,transplant_center,University of Cincinnati  Medical Center,Ohio,Region  11,259,0,259,32,,,missing,1,"University of Cincinnati  Medical Center, Ohio (transplant center hospital)",
NYNY-TX1,transplant_center,New York-Presbyterian Hospital/Weill Cornell Medical Center,New York,Region  9,251,0,251,29,,,missing,1,"New York-Presbyterian Hospital/Weill Cornell Medical Center, New York (transplant center hospital)",
PAPT-TX1,transplant_center,University of Pittsburgh Medical Center,Pennsylvania,Region  2,248,0,248,40,,,missing,1,"University of Pittsburgh Medical Center, Pennsylvania (transplant center hospital)",
FLCC-TX1,transplant_center,Cleveland Clinic Florida Weston,Florida,Region  3,247,0,247,18,,,missing,1,"Cleveland Clinic Florida Weston, Florida (transplant center hospital)",
ILUI-TX1,transplant_center,University of Illinois Medical Center,Illinois,Region  7,246,0,246,27,,,missing,1,"University of Illinois Medical Center, Illinois (transplant center hospital)",
NJHK-TX1,transplant_center,Hackensack University Medical Center,New Jersey,Region  2,246,0,246,38,,,missing,1,"Hackensack University Medical Center, New Jersey (transplant center hospital)",
NCMH-TX1,transplant_center,University of North Carolina Hospitals,North Carolina,Region  11,242,0,242,31,,,missing,1,"University of North Carolina Hospitals, North Carolina (transplant center hospital)",
VAFH-TX1,transplant_center,Inova Fairfax Hospital,Virginia,Region  11,242,0,242,36,,,missing,1,"Inova Fairfax Hospital, Virginia (transplant center hospital)",
PATU-TX1,transplant_center,Temple University Hospital,Pennsylvania,Region  2,230,0,230,48,,,missing,1,"Temple University Hospital, Pennsylvania (transplant center hospital)",
WISE-TX1,transplant_center,Froedtert Memorial Lutheran Hospital,Wisconsin,Region  7,226,0,226,34,,,missing,1,"Froedtert Memorial Lutheran Hospital, Wisconsin (transplant center hospital)",
TXHD-TX1,transplant_center,Medical City Dallas Hospital,Texas,Region  4,218,0,218,21,,,missing,1,"Medical City Dallas Hospital, Texas (transplant center hospital)",
MDUM-TX1,transplant_center,University of Maryland Medical System,Maryland,Region  2,212,0,212,25,,,missing,1,"University of Maryland Medical System, Maryland (transplant center hospital)",
MABI-TX1,transplant_center,Beth Israel Deaconess Medical Center,Massachusetts,Region  1,210,0,210,22,,,missing,1,"Beth Israel Deaconess Medical Center, Massachusetts (transplant center hospital)",
TNMH-TX1,transplant_center,Methodist University Hospital,Tennessee,Region  11,210,0,210,29,,,missing,1,"Methodist University Hospital, Tennessee (transplant center hospital)",
TXMC-TX1,transplant_center,Methodist Dallas Medical Center,Texas,Region  4,202,0,202,23,,,missing,1,"Methodist Dallas Medical Center, Texas (transplant center hospital)",
OKBC-TX1,transplant_center,Integris Baptist Medical Center,Oklahoma,Region  4,201,0,201,23,,,missing,1,"Integris Baptist Medical Center, Oklahoma (transplant center hospital)",
ARUA-TX1,transplant_center,UAMS Medical Center,Arkansas,Region  3,199,0,199,32,,,missing,2,"UAMS Medical Center, Arkansas (transplant center hospital)",
KYUK-TX1,transplant_center,University of Kentucky Medical Center,Kentucky,Region  11,196,0,196,38,,,missing,2,"University of Kentucky Medical Center, Kentucky (transplant center hospital)",
OHCO-TX1,transplant_center,University of Toledo Medical Center,Ohio,Region  11,189,0,189,42,,,missing,2,"University of Toledo Medical Center, Ohio (transplant center hospital)",
TNST-TX1,transplant_center,Saint Thomas Hospital,Tennessee,Region  11,185,0,185,32,,,missing,2,"Saint Thomas Hospital, Tennessee (transplant center hospital)",
PATJ-TX1,transplant_center,Thomas Jefferson University Hospital,Pennsylvania,Region  2,184,0,184,32,,,missing,2,"Thomas Jefferson University Hospital, Pennsylvania (transplant center hospital)",
NCBG-TX1,transplant_center,Wake Forest Baptist Medical Center,North Carolina,Region  11,182,0,182,30,,,missing,2,"Wake Forest Baptist Medical Center, North Carolina (transplant center hospital)",
NVUM-TX1,transplant_center,University Medical Center of Southern Nevada,Nevada,Region  5,179,0,179,28,,,missing,2,"University Medical Center of Southern Nevada, Nevada (transplant center hospital)",
LATU-TX1,transplant_center,Tulane Medical Center,Louisiana,Region  3,177,0,177,26,,,missing,2,"Tulane Medical Center, Louisiana (transplant center hospital)",
NYFL-TX1,transplant_center,"Strong Memorial Hospital, University of Rochester Medical Center",New York,Region  9,173,0,173,25,,,missing,2,"Strong Memorial Hospital, University of Rochester Medical Center, New York (transplant center hospital)",
FLMR-TX1,transplant_center,Memorial Regional Hospital,Florida,Region  3,170,0,170,25,,,missing,2,"Memorial Regional Hospital, Florida (transplant center hospital)",
NYWC-TX1,transplant_center,Westchester Medical Center,New York,Region  9,168,0,168,21,,,missing,2,"Westchester Medical Center, New York (transplant center hospital)",
MSUM-TX1,transplant_center,University of Mississippi Medical Center,Mississippi,Region  3,167,0,167,18,,,missing,2,"University of Mississippi Medical Center, Mississippi (transplant center hospital)",
AZGS-TX1,transplant_center,Banner-University Medical Center Phoenix,Arizona,Region  5,165,0,165,16,,,missing,2,"Banner-University Medical Center Phoenix, Arizona (transplant center hospital)",
ILPL-TX1,transplant_center,Rush University Medical Center,Illinois,Region  7,164,0,164,22,,,missing,2,"Rush University Medical Center, Illinois (transplant center hospital)",
MANM-TX1,transplant_center,Tufts Medical Center,Massachusetts,Region  1,160,0,160,19,,,missing,2,"Tufts Medical Center, Massachusetts (transplant center hospital)",
PAAG-TX1,transplant_center,Allegheny General Hospital,Pennsylvania,Region  2,155,0,155,28,,,missing,2,"Allegheny General Hospital, Pennsylvania (transplant center hospital)",
MAUM-TX1,transplant_center,UMass Memorial Medical Center,Massachusetts,Region  1,154,0,154,18,,,missing,2,"UMass Memorial Medical Center, Massachusetts (transplant center hospital)",
MALC-TX1,transplant_center,Lahey Clinic Medical Center,Massachusetts,Region  1,152,0,152,16,,,missing,2,"Lahey Clinic Medical Center, Massachusetts (transplant center hospital)",
AZSJ-TX1,transplant_center,St. Joseph's Hospital and Medical Center,Arizona,Region  5,144,0,144,27,,,missing,2,"St. Joseph's Hospital and Medical Center, Arizona (transplant center hospital)",
CTYN-TX1,transplant_center,Yale New Haven Hospital,Connecticut,Region  1,137,0,137,22,,,missing,2,"Yale New Haven Hospital, Connecticut (transplant center hospital)",
MAPB-TX1,transplant_center,Brigham and Women's Hospital,Massachusetts,Region  1,134,0,134,35,,,missing,2,"Brigham and Women's Hospital, Massachusetts (transplant center hospital)",
PAAE-TX1,transplant_center,Albert Einstein Medical Center,Pennsylvania,Region  2,133,0,133,26,,,missing,2,"Albert Einstein Medical Center, Pennsylvania (transplant center hospital)",
PALV-TX1,transplant_center,Lehigh Valley Hospital,Pennsylvania,Region  2,133,0,133,28,,,missing,2,"Lehigh Valley Hospital, Pennsylvania (transplant center hospital)",
TXTC-TX1,transplant_center,Texas Children's Hospital,Texas,Region  4,133,0,133,29,,,missing,2,"Texas Children's Hospital, Texas (transplant center hospital)",
CTHH-TX1,transplant_center,Hartford Hospital,Connecticut,Region  1,130,0,130,24,,,missing,2,"Hartford Hospital, Connecticut (transplant center hospital)",
NJLL-TX1,transplant_center,Virtua Our Lady of Lourdes Hospital,New Jersey,Region  2,130,0,130,18,,,missing,2,"Virtua Our Lady of Lourdes Hospital, New Jersey (transplant center hospital)",
SCPG-TX1,transplant_center,Prisma Health Greenville Memorial Hospital,South Carolina,Region  11,129,0,129,19,,,missing,2,"Prisma Health Greenville Memorial Hospital, South Carolina (transplant center hospital)",
KYJH-TX1,transplant_center,Jewish Hospital,Kentucky,Region  11,127,0,127,27,,,missing,2,"Jewish Hospital, Kentucky (transplant center hospital)",
FLLM-TX1,transplant_center,Largo Medical Center,Florida,Region  3,121,0,121,21,,,missing,2,"Largo Medical Center, Florida (transplant center hospital)",
MOLH-TX1,transplant_center,St Luke's Hospital of Kansas City,Missouri,Region  8,118,0,118,21,,,missing,2,"St Luke's Hospital of Kansas City, Missouri (transplant center hospital)",
SCLA-TX1,transplant_center,MUSC Lancaster,South Carolina,Region  11,117,0,117,15,,,missing,2,"MUSC Lancaster, South Carolina (transplant center hospital)",
TXAS-TX1,transplant_center,Baylor  Scott and White All Saints Medical Center-Fort Worth,Texas,Region  4,114,0,114,9,,,missing,2,"Baylor  Scott and White All Saints Medical Center-Fort Worth, Texas (transplant center hospital)",
MIBH-TX1,transplant_center,Corewell Health William Beaumont University Hospital,Michigan,Region  10,109,0,109,23,,,missing,2,"Corewell Health William Beaumont University Hospital, Michigan (transplant center hospital)",
NYEC-TX1,transplant_center,Erie County Medical Center,New York,Region  9,107,0,107,36,,,missing,2,"Erie County Medical Center, New York (transplant center hospital)",
ILVA-TX1,transplant_center,Edward Hines Jr. Veterans Administration Medical Center,Illinois,Region  7,105,0,105,19,,,missing,2,"Edward Hines Jr. Veterans Administration Medical Center, Illinois (transplant center hospital)",
COPM-TX1,transplant_center,AdventHealth Porter,Colorado,Region  8,104,0,104,10,,,missing,2,"AdventHealth Porter, Colorado (transplant center hospital)",
IAIV-TX1,transplant_center,University of Iowa Hospitals and Clinics Transplant Programs,Iowa,Region  8,103,0,103,25,,,missing,2,"University of Iowa Hospitals and Clinics Transplant Programs, Iowa (transplant center hospital)",
MISH-TX1,transplant_center,Corewell Health Grand Rapids Hospitals,Michigan,Region  10,103,0,103,35,,,missing,2,"Corewell Health Grand Rapids Hospitals, Michigan (transplant center hospital)",
NJRW-TX1,transplant_center,Robert Wood Johnson University Hospital,New Jersey,Region  2,101,0,101,20,,,missing,2,"Robert Wood Johnson University Hospital, New Jersey (transplant center hospital)",
PRSJ-TX1,transplant_center,Auxilio Mutuo Hospital,Puerto Rico,Region  3,94,0,94,5,,,missing,2,"Auxilio Mutuo Hospital, Puerto Rico (transplant center hospital)",
MOSL-TX1,transplant_center,SSM Health Saint Louis University Hospital,Missouri,Region  8,93,0,93,16,,,missing,2,"SSM Health Saint Louis University Hospital, Missouri (transplant center hospital)",
VANG-TX1,transplant_center,Sentara Norfolk General Hospital,Virginia,Region  11,93,0,93,21,,,missing,2,"Sentara Norfolk General Hospital, Virginia (transplant center hospital)",
TXDR-TX1,transplant_center,Doctor's Hospital at Renaissance,Texas,Region  4,90,0,90,21,,,missing,2,"Doctor's Hospital at Renaissance, Texas (transplant center hospital)",
WASH-TX1,transplant_center,Providence Sacred Heart Medical Center & Children's Hospital,Washington,Region  6,90,0,90,5,,,missing,2,"Providence Sacred Heart Medical Center & Children's Hospital, Washington (transplant center hospital)",
CASH-TX1,transplant_center,Sharp Memorial Hospital,California,Region  5,86,0,86,19,,,missing,2,"Sharp Memorial Hospital, California (transplant center hospital)",
LAWK-TX1,transplant_center,Willis-Knighton Medical Center,Louisiana,Region  3,86,0,86,14,,,missing,2,"Willis-Knighton Medical Center, Louisiana (transplant center hospital)",
INSV-TX1,transplant_center,Ascension St. Vincent Hospital,Indiana,Region  10,85,0,85,22,,,missing,2,"Ascension St. Vincent Hospital, Indiana (transplant center hospital)",
NCEC-TX1,transplant_center,ECU Health Medical Center,North Carolina,Region  11,85,0,85,16,,,missing,2,"ECU Health Medical Center, North Carolina (transplant center hospital)",
TXPL-TX1,transplant_center,Medical City Fort Worth,Texas,Region  4,85,0,85,11,,,missing,2,"Medical City Fort Worth, Texas (transplant center hospital)",
TXSW-TX1,transplant_center,Scott and White Memorial Hospital,Texas,Region  4,85,0,85,16,,,missing,2,"Scott and White Memorial Hospital, Texas (transplant center hospital)",
COSL-TX1,transplant_center,Presbyterian/St Luke's Medical Center,Colorado,Region  8,82,0,82,15,,,missing,2,"Presbyterian/St Luke's Medical Center, Colorado (transplant center hospital)",
WISL-TX1,transplant_center,Aurora St. Luke's Medical Center,Wisconsin,Region  7,82,0,82,18,,,missing,2,"Aurora St. Luke's Medical Center, Wisconsin (transplant center hospital)",
WVCA-TX1,transplant_center,Charleston Area Medical Center,West Virginia,Region  2,79,0,79,18,,,missing,2,"Charleston Area Medical Center, West Virginia (transplant center hospital)",
WAVM-TX1,transplant_center,Virginia Mason Medical Center,Washington,Region  6,78,0,78,7,,,missing,2,"Virginia Mason Medical Center, Washington (transplant center hospital)",
PAGM-TX1,transplant_center,Geisinger Medical Center,Pennsylvania,Region  2,77,0,77,15,,,missing,2,"Geisinger Medical Center, Pennsylvania (transplant center hospital)",
ORGS-TX1,transplant_center,Legacy Good Samaritan Hospital and Medical Center,Oregon,Region  6,74,0,74,7,,,missing,2,"Legacy Good Samaritan Hospital and Medical Center, Oregon (transplant center hospital)",
CASJ-TX1,transplant_center,Saint Joseph Hospital,California,Region  5,72,0,72,11,,,missing,2,"Saint Joseph Hospital, California (transplant center hospital)",
OKMD-TX1,transplant_center,OU Medical Center,Oklahoma,Region  4,71,0,71,12,,,missing,2,"OU Medical Center, Oklahoma (transplant center hospital)",
MISM-TX1,transplant_center,Mercy Health Saint Mary's,Michigan,Region  10,68,0,68,14,,,missing,2,"Mercy Health Saint Mary's, Michigan (transplant center hospital)",
MORH-TX1,transplant_center,Research Medical Center,Missouri,Region  8,67,0,67,12,,,missing,2,"Research Medical Center, Missouri (transplant center hospital)",
TXJS-TX1,transplant_center,University of Texas Medical Branch at Galveston,Texas,Region  4,66,0,66,12,,,missing,2,"University of Texas Medical Branch at Galveston, Texas (transplant center hospital)",
DCGW-TX1,transplant_center,George Washington University Hospital,District of Columbia,Region  2,65,0,65,18,,,missing,2,"George Washington University Hospital, District of Columbia (transplant center hospital)",
ORVA-TX1,transplant_center,VA Portland Health Care System,Oregon,Region  6,65,0,65,6,,,missing,2,"VA Portland Health Care System, Oregon (transplant center hospital)",
CAPC-TX1,transplant_center,Lucile Salter Packard Children's Hospital at Stanford,California,Region  5,62,0,62,16,,,missing,2,"Lucile Salter Packard Children's Hospital at Stanford, California (transplant center hospital)",
GAMC-TX1,transplant_center,"Wellstar MCG Health, affiliated with Medical College of Georgia",Georgia,Region  3,59,0,59,11,,,missing,2,"Wellstar MCG Health, affiliated with Medical College of Georgia, Georgia (transplant center hospital)",
OHCM-TX1,transplant_center,Children's Hospital Medical Center,Ohio,Region  11,57,0,57,23,,,missing,2,"Children's Hospital Medical Center, Ohio (transplant center hospital)",
TXCM-TX1,transplant_center,Children's Medical Center of Dallas,Texas,Region  4,56,0,56,16,,,missing,2,"Children's Medical Center of Dallas, Texas (transplant center hospital)",
ILCH-TX1,transplant_center,Advocate Christ Medical Center,Illinois,Region  7,55,0,55,16,,,missing,2,"Advocate Christ Medical Center, Illinois (transplant center hospital)",
NYUM-TX1,transplant_center,State University of New York Upstate Medical University,New York,Region  9,55,0,55,17,,,missing,2,"State University of New York Upstate Medical University, New York (transplant center hospital)",
ILCM-TX1,transplant_center,Ann & Robert H. Lurie Children's Hospital of Chicago,Illinois,Region  7,54,0,54,17,,,missing,2,"Ann & Robert H. Lurie Children's Hospital of Chicago, Illinois (transplant center hospital)",
TNUK-TX1,transplant_center,University of Tennessee Medical Center at Knoxville,Tennessee,Region  11,54,0,54,16,,,missing,2,"University of Tennessee Medical Center at Knoxville, Tennessee (transplant center hospital)",
OHTC-TX1,transplant_center,The Christ Hospital,Ohio,Region  11,53,0,53,16,,,missing,2,"The Christ Hospital, Ohio (transplant center hospital)",
CACL-TX1,transplant_center,Children's Hospital Los Angeles,California,Region  5,52,0,52,9,,,missing,2,"Children's Hospital Los Angeles, California (transplant center hospital)",
TXHH-TX1,transplant_center,"Memorial Hermann Hospital, University of Texas at Houston",Texas,Region  4,52,0,52,14,,,missing,2,"Memorial Hermann Hospital, University of Texas at Houston, Texas (transplant center hospital)",
PACH-TX1,transplant_center,UPMC Children's Hospital of Pittsburgh,Pennsylvania,Region  2,51,0,51,22,,,missing,2,"UPMC Children's Hospital of Pittsburgh, Pennsylvania (transplant center hospital)",
PAVA-TX1,transplant_center,VA Pittsburgh Healthcare System,Pennsylvania,Region  2,51,0,51,16,,,missing,2,"VA Pittsburgh Healthcare System, Pennsylvania (transplant center hospital)",
AZUA-TX1,transplant_center,Banner University Medical Center-Tucson,Arizona,Region  5,50,0,50,12,,,missing,2,"Banner University Medical Center-Tucson, Arizona (transplant center hospital)",
CALA-TX1,transplant_center,Harbor UCLA Medical Center,California,Region  5,50,0,50,5,,,missing,2,"Harbor UCLA Medical Center, California (transplant center hospital)",
MOCH-TX1,transplant_center,St. Louis Children's Hospital at Washington University Medical Center,Missouri,Region  8,49,0,49,22,,,missing,3,"St. Louis Children's Hospital at Washington University Medical Center, Missouri (transplant center hospital)",
TXFW-TX1,transplant_center,Texas Health Harris Methodist Fort Worth Hospital,Texas,Region  4,49,0,49,7,,,missing,3,"Texas Health Harris Methodist Fort Worth Hospital, Texas (transplant center hospital)",
TXVA-TX1,transplant_center,Michael E. DeBakey VA Medical Center,Texas,Region  4,49,0,49,10,,,missing,3,"Michael E. DeBakey VA Medical Center, Texas (transplant center hospital)",
NYSB-TX1,transplant_center,University Hospital of State University of New York at Stony Brook,New York,Region  9,47,0,47,10,,,missing,3,"University Hospital of State University of New York at Stony Brook, New York (transplant center hospital)",
DECC-TX1,transplant_center,Christiana Care Health Services,Delaware,Region  2,46,0,46,16,,,missing,3,"Christiana Care Health Services, Delaware (transplant center hospital)",
GAEH-TX1,transplant_center,Children’s Healthcare of Atlanta - Arthur M. Blank Hospital,Georgia,Region  3,45,0,45,19,,,missing,3,"Children’s Healthcare of Atlanta - Arthur M. Blank Hospital, Georgia (transplant center hospital)",
ILSF-TX1,transplant_center,OSF Saint Francis Medical Center,Illinois,Region  7,44,0,44,10,,,missing,3,"OSF Saint Francis Medical Center, Illinois (transplant center hospital)",
WACH-TX1,transplant_center,Seattle Children's Hospital,Washington,Region  6,42,0,42,4,,,missing,3,"Seattle Children's Hospital, Washington (transplant center hospital)",
MACH-TX1,transplant_center,Boston Children's Hospital,Massachusetts,Region  1,41,0,41,19,,,missing,3,"Boston Children's Hospital, Massachusetts (transplant center hospital)",
TXLP-TX1,transplant_center,Las Palmas Medical Center,Texas,Region  4,41,0,41,6,,,missing,3,"Las Palmas Medical Center, Texas (transplant center hospital)",
CAGH-TX1,transplant_center,Scripps Green Hospital,California,Region  5,40,0,40,8,,,missing,3,"Scripps Green Hospital, California (transplant center hospital)",
PAHH-TX1,transplant_center,Pinnacle Health System at Harrisburg Hospital,Pennsylvania,Region  2,40,0,40,17,,,missing,3,"Pinnacle Health System at Harrisburg Hospital, Pennsylvania (transplant center hospital)",
NJBI-TX1,transplant_center,Newark Beth Israel Medical Center,New Jersey,Region  2,39,0,39,20,,,missing,3,"Newark Beth Israel Medical Center, New Jersey (transplant center hospital)",
MNHC-TX1,transplant_center,Hennepin County Medical Center,Minnesota,Region  7,38,0,38,7,,,missing,3,"Hennepin County Medical Center, Minnesota (transplant center hospital)",
NJUH-TX1,transplant_center,University Hospital,New Jersey,Region  2,38,0,38,12,,,missing,3,"University Hospital, New Jersey (transplant center hospital)",
UTPC-TX1,transplant_center,Primary Children's Hospital,Utah,Region  5,38,0,38,12,,,missing,3,"Primary Children's Hospital, Utah (transplant center hospital)",
PACP-TX1,transplant_center,Children's Hospital of Philadelphia,Pennsylvania,Region  2,37,0,37,17,,,missing,3,"Children's Hospital of Philadelphia, Pennsylvania (transplant center hospital)",
IAIM-TX1,transplant_center,Iowa Methodist Medical Center,Iowa,Region  8,36,0,36,6,,,missing,3,"Iowa Methodist Medical Center, Iowa (transplant center hospital)",
NYDS-TX1,transplant_center,"State University of New York, Downstate Medical Center",New York,Region  9,36,0,36,13,,,missing,3,"State University of New York, Downstate Medical Center, New York (transplant center hospital)",
DCWH-TX1,transplant_center,Washington Hospital Center,District of Columbia,Region  2,35,0,35,17,,,missing,3,"Washington Hospital Center, District of Columbia (transplant center hospital)",
OHCH-TX1,transplant_center,Nationwide Children's Hospital,Ohio,Region  11,34,0,34,18,,,missing,3,"Nationwide Children's Hospital, Ohio (transplant center hospital)",
OKSJ-TX1,transplant_center,St John Medical Center,Oklahoma,Region  4,34,0,34,7,,,missing,3,"St John Medical Center, Oklahoma (transplant center hospital)",
TXPM-TX1,transplant_center,Parkland Health and Hospital System,Texas,Region  4,33,0,33,7,,,missing,3,"Parkland Health and Hospital System, Texas (transplant center hospital)",
NDSL-TX1,transplant_center,Sanford Medical Center Fargo,North Dakota,Region  7,31,0,31,8,,,missing,3,"Sanford Medical Center Fargo, North Dakota (transplant center hospital)",
COCH-TX1,transplant_center,Children's Hospital Colorado,Colorado,Region  8,30,0,30,9,,,missing,3,"Children's Hospital Colorado, Colorado (transplant center hospital)",
NYAM-TX1,transplant_center,Albany Medical Center Hospital,New York,Region  9,30,0,30,11,,,missing,3,"Albany Medical Center Hospital, New York (transplant center hospital)",
RIRH-TX1,transplant_center,Rhode Island Hospital,Rhode Island,Region  1,30,0,30,7,,,missing,3,"Rhode Island Hospital, Rhode Island (transplant center hospital)",
MABS-TX1,transplant_center,Baystate Medical Center,Massachusetts,Region  1,28,0,28,5,,,missing,3,"Baystate Medical Center, Massachusetts (transplant center hospital)",
NMPH-TX1,transplant_center,Presbyterian Hospital,New Mexico,Region  5,28,0,28,4,,,missing,3,"Presbyterian Hospital, New Mexico (transplant center hospital)",
FLSH-TX1,transplant_center,Ascension Sacred Heart Pensacola,Florida,Region  3,27,0,27,9,,,missing,3,"Ascension Sacred Heart Pensacola, Florida (transplant center hospital)",
MISJ-TX1,transplant_center,Ascension St. John Hospital,Michigan,Region  10,26,0,26,9,,,missing,3,"Ascension St. John Hospital, Michigan (transplant center hospital)",
MNAN-TX1,transplant_center,Abbott Northwestern Hospital,Minnesota,Region  7,26,0,26,9,,,missing,3,"Abbott Northwestern Hospital, Minnesota (transplant center hospital)",
TNEM-TX1,transplant_center,Erlanger Medical Center,Tennessee,Region  11,26,0,26,9,,,missing,3,"Erlanger Medical Center, Tennessee (transplant center hospital)",
AZCH-TX1,transplant_center,Phoenix Children's Hospital,Arizona,Region  5,25,0,25,8,,,missing,3,"Phoenix Children's Hospital, Arizona (transplant center hospital)",
NMAQ-TX1,transplant_center,"University Hospital, University of New Mexico Health Sciences Center",New Mexico,Region  5,25,0,25,4,,,missing,3,"University Hospital, University of New Mexico Health Sciences Center, New Mexico (transplant center hospital)",
ALCH-TX1,transplant_center,Children's of Alabama,Alabama,Region  3,24,0,24,10,,,missing,3,"Children's of Alabama, Alabama (transplant center hospital)",
VAHD-TX1,transplant_center,Henrico Doctors' Hospital,Virginia,Region  11,23,0,23,9,,,missing,3,"Henrico Doctors' Hospital, Virginia (transplant center hospital)",
MABU-TX1,transplant_center,Boston Medical Center,Massachusetts,Region  1,21,0,21,4,,,missing,3,"Boston Medical Center, Massachusetts (transplant center hospital)",
MEMC-TX1,transplant_center,Maine Medical Center,Maine,Region  1,20,0,20,3,,,missing,3,"Maine Medical Center, Maine (transplant center hospital)",
MOCM-TX1,transplant_center,Children's Mercy Hospital,Missouri,Region  8,20,0,20,11,,,missing,3,"Children's Mercy Hospital, Missouri (transplant center hospital)",
CAMB-TX1,transplant_center,UCSF Medical Center at Mission Bay,California,Region  5,19,0,19,7,,,missing,3,"UCSF Medical Center at Mission Bay, California (transplant center hospital)",
DCWR-TX1,transplant_center,Walter Reed National Military Medical Center at Bethesda,District of Columbia,Region  2,19,0,19,13,,,missing,3,"Walter Reed National Military Medical Center at Bethesda, District of Columbia (transplant center hospital)",
ILMM-TX1,transplant_center,Springfield Memorial Hospital,Illinois,Region  7,19,0,19,7,,,missing,3,"Springfield Memorial Hospital, Illinois (transplant center hospital)",
SDMK-TX1,transplant_center,Avera McKennan Hospital,South Dakota,Region  7,19,0,19,6,,,missing,3,"Avera McKennan Hospital, South Dakota (transplant center hospital)",
SDSV-TX1,transplant_center,Sanford Health/USD Medical Center,South Dakota,Region  7,19,0,19,5,,,missing,3,"Sanford Health/USD Medical Center, South Dakota (transplant center hospital)",
WVWU-TX1,transplant_center,West Virginia University Hospitals Inc.,West Virginia,Region  2,19,0,19,13,,,missing,3,"West Virginia University Hospitals Inc., West Virginia (transplant center hospital)",
CACH-TX1,transplant_center,Rady Children's Hospital and Health Center,California,Region  5,17,0,17,6,,,missing,3,"Rady Children's Hospital and Health Center, California (transplant center hospital)",
WICH-TX1,transplant_center,Children's Hospital of Wisconsin,Wisconsin,Region  7,17,0,17,10,,,missing,3,"Children's Hospital of Wisconsin, Wisconsin (transplant center hospital)",
TNLB-TX1,transplant_center,Le Bonheur Children's Medical Center,Tennessee,Region  11,16,0,16,9,,,missing,3,"Le Bonheur Children's Medical Center, Tennessee (transplant center hospital)",
TXDM-TX1,transplant_center,North Austin Medical Center,Texas,Region  4,16,0,16,5,,,missing,3,"North Austin Medical Center, Texas (transplant center hospital)",
NHDH-TX1,transplant_center,Mary Hitchcock Memorial Hospital,New Hampshire,Region  1,14,0,14,6,,,missing,3,"Mary Hitchcock Memorial Hospital, New Hampshire (transplant center hospital)",
NYVA-TX1,transplant_center,James J. Peters VA Medical Center,New York,Region  9,14,0,14,6,,,missing,3,"James J. Peters VA Medical Center, New York (transplant center hospital)",
TXUC-TX1,transplant_center,University Children's Health,Texas,Region  4,14,0,14,4,,,missing,3,"University Children's Health, Texas (transplant center hospital)",
CASG-TX1,transplant_center,Sutter Medical Center Sacramento,California,Region  5,13,0,13,8,,,missing,3,"Sutter Medical Center Sacramento, California (transplant center hospital)",
MICH-TX1,transplant_center,Children's Hospital of Michigan,Michigan,Region  10,13,0,13,8,,,missing,3,"Children's Hospital of Michigan, Michigan (transplant center hospital)",
ORSV-TX1,transplant_center,Providence St. Vincent Medical Center,Oregon,Region  6,13,0,13,6,,,missing,3,"Providence St. Vincent Medical Center, Oregon (transplant center hospital)",
PAHE-TX1,transplant_center,Penn State Milton S Hershey Medical Center,Pennsylvania,Region  2,13,0,13,9,,,missing,3,"Penn State Milton S Hershey Medical Center, Pennsylvania (transplant center hospital)",
SCCH-TX1,transplant_center,MUSC Children's Hospital,South Carolina,Region  11,13,0,13,7,,,missing,3,"MUSC Children's Hospital, South Carolina (transplant center hospital)",
MOUM-TX1,transplant_center,University of Missouri Hospital and Clinics,Missouri,Region  8,12,0,12,7,,,missing,3,"University of Missouri Hospital and Clinics, Missouri (transplant center hospital)",
DCCH-TX1,transplant_center,Children's National Medical Center,District of Columbia,Region  2,11,0,11,8,,,missing,3,"Children's National Medical Center, District of Columbia (transplant center hospital)",
LACH-TX1,transplant_center,Children's Hospital,Louisiana,Region  3,11,0,11,4,,,missing,3,"Children's Hospital, Louisiana (transplant center hospital)",
NYCC-TX1,transplant_center,Long Island Jewish Medical Center-Cohen Children's Medical Center,New York,Region  9,11,0,11,7,,,missing,3,"Long Island Jewish Medical Center-Cohen Children's Medical Center, New York (transplant center hospital)",
KYKC-TX1,transplant_center,Norton Children's Hospital,Kentucky,Region  11,10,0,10,7,,,missing,3,"Norton Children's Hospital, Kentucky (transplant center hospital)",
TXDL-TX1,transplant_center,Dell Children's Medical Center,Texas,Region  4,10,0,10,7,,,missing,3,"Dell Children's Medical Center, Texas (transplant center hospital)",
ARBH-TX1,transplant_center,Baptist Medical Center,Arkansas,Region  3,9,0,9,6,,,missing,3,"Baptist Medical Center, Arkansas (transplant center hospital)",
TNBM-TX1,transplant_center,Baptist Memorial Hospital,Tennessee,Region  11,9,0,9,5,,,missing,3,"Baptist Memorial Hospital, Tennessee (transplant center hospital)",
TXLM-TX1,transplant_center,Covenant Medical Center,Texas,Region  4,9,0,9,3,,,missing,3,"Covenant Medical Center, Texas (transplant center hospital)",
DEAI-TX1,transplant_center,Nemours Children's Hospital Delaware,Delaware,Region  2,8,0,8,6,,,missing,3,"Nemours Children's Hospital Delaware, Delaware (transplant center hospital)",
FLHM-TX1,transplant_center,Halifax Health,Florida,Region  3,8,0,8,4,,,missing,3,"Halifax Health, Florida (transplant center hospital)",
MOCG-TX1,transplant_center,Cardinal Glennon Children's Hospital,Missouri,Region  8,8,0,8,6,,,missing,3,"Cardinal Glennon Children's Hospital, Missouri (transplant center hospital)",
NDMC-TX1,transplant_center,Sanford Bismarck Medical Center,North Dakota,Region  7,8,0,8,2,,,missing,3,"Sanford Bismarck Medical Center, North Dakota (transplant center hospital)",
FLJD-TX1,transplant_center,Memorial Regional Hospital/Joe DiMaggio Children's Hospital,Florida,Region  3,7,0,7,5,,,missing,3,"Memorial Regional Hospital/Joe DiMaggio Children's Hospital, Florida (transplant center hospital)",
TXCT-TX1,transplant_center,Seton Medical Center Austin,Texas,Region  4,7,0,7,4,,,missing,3,"Seton Medical Center Austin, Texas (transplant center hospital)",
TXDS-TX1,transplant_center,Dell Seton Medical Center at The University of Texas at Austin,Texas,Region  4,7,0,7,5,,,missing,3,"Dell Seton Medical Center at The University of Texas at Austin, Texas (transplant center hospital)",
ARCH-TX1,transplant_center,Arkansas Children's Hospital,Arkansas,Region  3,6,0,6,6,,,missing,3,"Arkansas Children's Hospital, Arkansas (transplant center hospital)",
PAPH-TX1,transplant_center,UPMC Hamot,Pennsylvania,Region  2,6,0,6,4,,,missing,3,"UPMC Hamot, Pennsylvania (transplant center hospital)",
TXCF-TX1,transplant_center,Cook Children's Medical Center,Texas,Region  4,6,0,6,4,,,missing,3,"Cook Children's Medical Center, Texas (transplant center hospital)",
TXDC-TX1,transplant_center,Driscoll Children's Hospital,Texas,Region  4,6,0,6,3,,,missing,3,"Driscoll Children's Hospital, Texas (transplant center hospital)",
IAVA-TX1,transplant_center,The Iowa City VA Health Care System,Iowa,Region  8,5,0,5,4,,,missing,3,"The Iowa City VA Health Care System, Iowa (transplant center hospital)",
MIDV-TX1,transplant_center,Corewell Health Helen DeVos Children's Hospital,Michigan,Region  10,3,0,3,3,,,missing,3,"Corewell Health Helen DeVos Children's Hospital, Michigan (transplant center hospital)",
NECH-TX1,transplant_center,Children’s Nebraska,Nebraska,Region  8,3,0,3,3,,,missing,3,"Children’s Nebraska, Nebraska (transplant center hospital)",
ALVA-TX1,transplant_center,,,,2,0,2,1,,,missing,3,",  (transplant center hospital)",
FLAC-TX1,transplant_center,Johns Hopkins All Children's Hospital,Florida,Region  3,2,0,2,2,,,missing,3,"Johns Hopkins All Children's Hospital, Florida (transplant center hospital)",
OKCM-TX1,transplant_center,Children's Hospital of Oklahoma,Oklahoma,Region  4,2,0,2,2,,,missing,3,"Children's Hospital of Oklahoma, Oklahoma (transplant center hospital)",
PRCC-TX1,transplant_center,Cardiovascular Center of Puerto Rico and the Caribbean,Puerto Rico,Region  3,2,0,2,1,,,missing,3,"Cardiovascular Center of Puerto Rico and the Caribbean, Puerto Rico (transplant center hospital)",
MNCM-TX1,transplant_center,Children's Minnesota,Minnesota,Region  7,1,0,1,1,,,missing,3,"Children's Minnesota, Minnesota (transplant center hospital)",
PASC-TX1,transplant_center,St. Christopher's Hospital for Children,Pennsylvania,Region  2,1,0,1,1,,,missing,3,"St. Christopher's Hospital for Children, Pennsylvania (transplant center hospital)",
VACH-TX1,transplant_center,Children's Hospital of the King's Daughters,Virginia,Region  11,1,0,1,1,,,missing,3,"Children's Hospital of the King's Daughters, Virginia (transplant center hospital)",
TNVU-TX1,transplant_center,Vanderbilt University Medical Center,Tennessee,Region  11,893,0,893,53,35.7478,-86.6923,manual_verified,9,"Vanderbilt University Medical Center, Tennessee (transplant center hospital)",manual_map;high
AZMC-TX1,transplant_center,Mayo Clinic Hospital Arizona,Arizona,Region  5,806,0,806,42,33.5044,-112.0740,manual_verified,9,"Mayo Clinic Hospital Arizona, Arizona (transplant center hospital)",manual_map;city_approx:Phoenix;high
OHCC-TX1,transplant_center,The Cleveland Clinic Foundation,Ohio,Region  11,803,0,803,50,40.3888,-82.7649,manual_verified,9,"The Cleveland Clinic Foundation, Ohio (transplant center hospital)",manual_map;high
FLTG-TX1,transplant_center,Tampa General Hospital,Florida,Region  3,760,0,760,47,27.7663,-81.6868,manual_verified,9,"Tampa General Hospital, Florida (transplant center hospital)",manual_map;high
GAEM-TX1,transplant_center,Emory University Hospital,Georgia,Region  3,724,0,724,49,33.7925,-84.3244,manual_verified,9,"Emory University Hospital, Georgia (transplant center hospital)",manual_map;city_approx:Atlanta;high
TXMH-TX1,transplant_center,Houston Methodist Hospital,Texas,Region  4,689,0,689,48,29.7097,-95.3984,manual_verified,9,"Houston Methodist Hospital, Texas (transplant center hospital)",manual_map;city_approx:Houston;high
CAUC-TX1,transplant_center,University of California at Los Angeles Medical Center,California,Region  5,620,0,620,40,36.1162,-119.6816,manual_verified,9,"University of California at Los Angeles Medical Center, California (transplant center hospital)",manual_map;high
SCMU-TX1,transplant_center,Medical University of South Carolina,South Carolina,Region  11,612,0,612,43,33.8569,-80.9450,manual_verified,9,"Medical University of South Carolina, South Carolina (transplant center hospital)",manual_map;high
NCDU-TX1,transplant_center,Duke University Hospital,North Carolina,Region  11,611,0,611,51,35.6301,-79.8064,manual_verified,9,"Duke University Hospital, North Carolina (transplant center hospital)",manual_map;high
CACS-TX1,transplant_center,Cedars-Sinai Medical Center,California,Region  5,597,0,597,37,36.1162,-119.6816,manual_verified,9,"Cedars-Sinai Medical Center, California (transplant center hospital)",manual_map;high
ILNM-TX1,transplant_center,Northwestern Memorial Hospital,Illinois,Region  7,592,0,592,50,40.3495,-88.9861,manual_verified,9,"Northwestern Memorial Hospital, Illinois (transplant center hospital)",manual_map;high
GAPH-TX1,transplant_center,Piedmont Hospital,Georgia,Region  3,565,0,565,41,33.0406,-83.6431,manual_verified,9,"Piedmont Hospital, Georgia (transplant center hospital)",manual_map;high
MOBH-TX1,transplant_center,Barnes-Jewish Hospital,Missouri,Region  8,551,0,551,41,38.4561,-92.2884,manual_verified,9,"Barnes-Jewish Hospital, Missouri (transplant center hospital)",manual_map;high
CASF-TX1,transplant_center,University of California San Francisco Medical Center,California,Region  5,548,0,548,33,36.1162,-119.6816,manual_verified,9,"University of California San Francisco Medical Center, California (transplant center hospital)",manual_map;high
PAUP-TX1,transplant_center,Hospital of the University of Pennsylvania,Pennsylvania,Region  2,523,0,523,37,40.5908,-77.2098,manual_verified,9,"Hospital of the University of Pennsylvania, Pennsylvania (transplant center hospital)",manual_map;high
NYMS-TX1,transplant_center,Mount Sinai Medical Center,New York,Region  9,496,0,496,44,42.1657,-74.9481,manual_verified,9,"Mount Sinai Medical Center, New York (transplant center hospital)",manual_map;high
MAMG-TX1,transplant_center,Massachusetts General Hospital,Massachusetts,Region  1,495,0,495,46,42.2302,-71.5301,manual_verified,9,"Massachusetts General Hospital, Massachusetts (transplant center hospital)",manual_map;high
FLJM-TX1,transplant_center,Jackson Memorial Hospital University of Miami School of Medicine,Florida,Region  3,490,0,490,49,27.7663,-81.6868,manual_verified,9,"Jackson Memorial Hospital University of Miami School of Medicine, Florida (transplant center hospital)",manual_map;high
CASD-TX1,transplant_center,University of California San Diego Medical Center,California,Region  5,445,0,445,30,36.1162,-119.6816,manual_verified,9,"University of California San Diego Medical Center, California (transplant center hospital)",manual_map;high
UTLD-TX1,transplant_center,Intermountain Medical Center,Utah,Region  5,438,0,438,25,40.1500,-111.8624,manual_verified,9,"Intermountain Medical Center, Utah (transplant center hospital)",manual_map;high
COUC-TX1,transplant_center,University of Colorado Hospital/Health Science Center,Colorado,Region  8,435,0,435,28,39.0598,-105.3111,manual_verified,9,"University of Colorado Hospital/Health Science Center, Colorado (transplant center hospital)",manual_map;high
INIM-TX1,transplant_center,Indiana University Health,Indiana,Region  10,429,0,429,34,39.8494,-86.2583,manual_verified,9,"Indiana University Health, Indiana (transplant center hospital)",manual_map;high
MIUM-TX1,transplant_center,University of Michigan Medical Center,Michigan,Region  10,425,0,425,43,43.3266,-84.5361,manual_verified,9,"University of Michigan Medical Center, Michigan (transplant center hospital)",manual_map;high
MNMC-TX1,transplant_center,Mayo Clinic Hospital Minnesota,Minnesota,Region  7,425,0,425,45,45.6945,-93.9002,manual_verified,9,"Mayo Clinic Hospital Minnesota, Minnesota (transplant center hospital)",manual_map;high
CASU-TX1,transplant_center,Stanford Health Care,California,Region  5,419,0,419,28,36.1162,-119.6816,manual_verified,9,"Stanford Health Care, California (transplant center hospital)",manual_map;high
TXSP-TX1,transplant_center,UT Southwestern Medical Center/William P. Clements Jr. University Hospital,Texas,Region  4,409,0,409,40,31.0545,-97.5635,manual_verified,9,"UT Southwestern Medical Center/William P. Clements Jr. University Hospital, Texas (transplant center hospital)",manual_map;high
ALUA-TX1,transplant_center,University of Alabama Hospital,Alabama,Region  3,401,0,401,39,32.8067,-86.7911,manual_verified,9,"University of Alabama Hospital, Alabama (transplant center hospital)",manual_map;high
TXTX-TX1,transplant_center,Baylor University Medical Center,Texas,Region  4,400,0,400,41,31.0545,-97.5635,manual_verified,9,"Baylor University Medical Center, Texas (transplant center hospital)",manual_map;high
MNUM-TX1,transplant_center,"University of Minnesota Medical Center, Fairview",Minnesota,Region  7,397,0,397,42,45.6945,-93.9002,manual_verified,9,"University of Minnesota Medical Center, Fairview, Minnesota (transplant center hospital)",manual_map;high
WAUW-TX1,transplant_center,University of Washington Medical Center,Washington,Region  6,395,0,395,17,47.4009,-121.4905,manual_verified,9,"University of Washington Medical Center, Washington (transplant center hospital)",manual_map;high
TXHI-TX1,transplant_center,CHI St. Luke's Health Baylor College of Medicine Medical Center,Texas,Region  4,374,0,374,39,31.0545,-97.5635,manual_verified,9,"CHI St. Luke's Health Baylor College of Medicine Medical Center, Texas (transplant center hospital)",manual_map;high
NEUN-TX1,transplant_center,The Nebraska Medical Center,Nebraska,Region  8,353,0,353,28,41.1254,-98.2681,manual_verified,9,"The Nebraska Medical Center, Nebraska (transplant center hospital)",manual_map;high
ILUC-TX1,transplant_center,University of Chicago Medical Center,Illinois,Region  7,344,0,344,38,40.3495,-88.9861,manual_verified,9,"University of Chicago Medical Center, Illinois (transplant center hospital)",manual_map;high
LAOF-TX1,transplant_center,Ochsner Foundation Hospital,Louisiana,Region  3,329,0,329,32,31.1695,-91.8678,manual_verified,9,"Ochsner Foundation Hospital, Louisiana (transplant center hospital)",manual_map;high
MIHF-TX1,transplant_center,Henry Ford Hospital,Michigan,Region  10,325,0,325,36,43.3266,-84.5361,manual_verified,9,"Henry Ford Hospital, Michigan (transplant center hospital)",manual_map;high
CALL-TX1,transplant_center,Loma Linda University Medical Center,California,Region  5,324,0,324,21,36.1162,-119.6816,manual_verified,9,"Loma Linda University Medical Center, California (transplant center hospital)",manual_map;high
CAUH-TX1,transplant_center,Keck Hospital of USC,California,Region  5,322,0,322,13,36.1162,-119.6816,manual_verified,9,"Keck Hospital of USC, California (transplant center hospital)",manual_map;high
TXHS-TX1,transplant_center,Methodist Specialty and Transplant Hospital,Texas,Region  4,321,0,321,33,31.0545,-97.5635,manual_verified,9,"Methodist Specialty and Transplant Hospital, Texas (transplant center hospital)",manual_map;high
CAPM-TX1,transplant_center,California Pacific Medical Center-Van Ness Campus,California,Region  5,312,0,312,14,36.1162,-119.6816,manual_verified,9,"California Pacific Medical Center-Van Ness Campus, California (transplant center hospital)",manual_map;high
UTMC-TX1,transplant_center,University of Utah Medical Center,Utah,Region  5,257,0,257,26,40.1500,-111.8624,manual_verified,9,"University of Utah Medical Center, Utah (transplant center hospital)",manual_map;high
CASM-TX1,transplant_center,University of California Davis Medical Center,California,Region  5,253,0,253,24,36.1162,-119.6816,manual_verified,9,"University of California Davis Medical Center, California (transplant center hospital)",manual_map;high
KSUK-TX1,transplant_center,University of Kansas Hospital,Kansas,Region  8,238,0,238,29,38.5266,-96.7265,manual_verified,9,"University of Kansas Hospital, Kansas (transplant center hospital)",manual_map;high
WASM-TX1,transplant_center,Swedish Medical Center,Washington,Region  6,216,0,216,8,47.4009,-121.4905,manual_verified,9,"Swedish Medical Center, Washington (transplant center hospital)",manual_map;high
ORUO-TX1,transplant_center,Oregon Health and Science University,Oregon,Region  6,214,0,214,15,44.5720,-122.0709,manual_verified,9,"Oregon Health and Science University, Oregon (transplant center hospital)",manual_map;high
CAIM-TX1,transplant_center,University of California Irvine Medical Center,California,Region  5,210,0,210,19,36.1162,-119.6816,manual_verified,9,"University of California Irvine Medical Center, California (transplant center hospital)",manual_map;high
HIQM-TX1,transplant_center,The Queen's Medical Center,Hawaii,Region  6,112,0,112,2,21.0943,-157.4983,manual_verified,9,"The Queen's Medical Center, Hawaii (transplant center hospital)",manual_map;high
