source_dsa_id,destination_center_id,flow_count
ALOB-OP1,ALCH-TX1,1
FLFH-IO1,ALCH-TX1,2
FLUF-IO1,ALCH-TX1,1
ILIP-OP1,ALCH-TX1,1
LAOP-OP1,ALCH-TX1,1
TNDS-OP1,ALCH-TX1,1
TXGC-OP1,ALCH-TX1,1
ALOB-OP1,ALUA-TX1,3
AROR-OP1,ALUA-TX1,1
FLFH-IO1,ALUA-TX1,1
FLWC-OP1,ALUA-TX1,3
GALL-OP1,ALUA-TX1,3
ILIP-OP1,ALUA-TX1,1
MOMA-OP1,ALUA-TX1,3
MWOB-OP1,ALUA-TX1,1
NCNC-OP1,ALUA-TX1,1
SCOP-OP1,ALUA-TX1,1
TNDS-OP1,ALUA-TX1,2
TXGC-OP1,ALUA-TX1,1
TXSA-OP1,ALUA-TX1,1
FLUF-IO1,ARBH-TX1,1
IAOP-OP1,ARBH-TX1,1
MSOP-OP1,ARBH-TX1,1
OKOP-OP1,ARBH-TX1,2
TXSA-OP1,ARBH-TX1,1
TXSB-OP1,ARBH-TX1,3
ILIP-OP1,ARCH-TX1,1
SCOP-OP1,ARCH-TX1,1
TNDS-OP1,ARCH-TX1,1
TXSB-OP1,ARCH-TX1,1
AZOB-OP1,AZCH-TX1,3
CAOP-OP1,AZCH-TX1,2
CASD-IO1,AZCH-TX1,1
NVLV-OP1,AZCH-TX1,2
TXSB-OP1,AZCH-TX1,2
UTOP-OP1,AZCH-TX1,2
AZOB-OP1,AZGS-TX1,14
CADN-OP1,AZGS-TX1,1
CAOP-OP1,AZGS-TX1,2
CASD-IO1,AZGS-TX1,2
CORS-OP1,AZGS-TX1,1
NEOR-OP1,AZGS-TX1,1
NMOP-OP1,AZGS-TX1,1
NVLV-OP1,AZGS-TX1,2
ORUO-IO1,AZGS-TX1,1
UTOP-OP1,AZGS-TX1,5
WALC-OP1,AZGS-TX1,3
AZOB-OP1,AZMC-TX1,12
CADN-OP1,AZMC-TX1,3
CAOP-OP1,AZMC-TX1,2
CASD-IO1,AZMC-TX1,1
CORS-OP1,AZMC-TX1,4
NMOP-OP1,AZMC-TX1,2
NVLV-OP1,AZMC-TX1,3
TXSB-OP1,AZMC-TX1,1
UTOP-OP1,AZMC-TX1,2
WALC-OP1,AZMC-TX1,1
AZOB-OP1,CACH-TX1,1
CAOP-OP1,CACH-TX1,1
NCCM-IO1,CACH-TX1,1
NVLV-OP1,CACH-TX1,1
AZOB-OP1,CACL-TX1,1
CADN-OP1,CACL-TX1,2
CAOP-OP1,CACL-TX1,2
ORUO-IO1,CACL-TX1,1
UTOP-OP1,CACL-TX1,1
AZOB-OP1,CACS-TX1,17
CADN-OP1,CACS-TX1,15
CAGS-OP1,CACS-TX1,5
CAOP-OP1,CACS-TX1,39
CASD-IO1,CACS-TX1,8
CORS-OP1,CACS-TX1,1
HIOP-OP1,CACS-TX1,5
NVLV-OP1,CACS-TX1,7
ORUO-IO1,CACS-TX1,5
TXSB-OP1,CACS-TX1,2
UTOP-OP1,CACS-TX1,1
WALC-OP1,CACS-TX1,9
AZOB-OP1,CALL-TX1,1
CADN-OP1,CALL-TX1,5
CAGS-OP1,CALL-TX1,1
CAOP-OP1,CALL-TX1,8
CASD-IO1,CALL-TX1,3
FLUF-IO1,CALL-TX1,1
NVLV-OP1,CALL-TX1,2
TXSB-OP1,CALL-TX1,1
CAGS-OP1,CAMB-TX1,2
CAOP-OP1,CAMB-TX1,2
ORUO-IO1,CAMB-TX1,1
CADN-OP1,CAPC-TX1,2
CAOP-OP1,CAPC-TX1,5
CASD-IO1,CAPC-TX1,2
HIOP-OP1,CAPC-TX1,1
NMOP-OP1,CAPC-TX1,1
ORUO-IO1,CAPC-TX1,2
WALC-OP1,CAPC-TX1,1
CADN-OP1,CAPM-TX1,3
CAGS-OP1,CAPM-TX1,4
CAOP-OP1,CAPM-TX1,10
CASD-IO1,CAPM-TX1,5
NMOP-OP1,CAPM-TX1,1
NVLV-OP1,CAPM-TX1,1
ORUO-IO1,CAPM-TX1,2
WALC-OP1,CAPM-TX1,3
AZOB-OP1,CASD-TX1,12
CADN-OP1,CASD-TX1,11
CAGS-OP1,CASD-TX1,3
CAOP-OP1,CASD-TX1,12
CASD-IO1,CASD-TX1,13
CORS-OP1,CASD-TX1,3
HIOP-OP1,CASD-TX1,1
NMOP-OP1,CASD-TX1,1
NVLV-OP1,CASD-TX1,4
ORUO-IO1,CASD-TX1,5
TXSB-OP1,CASD-TX1,1
UTOP-OP1,CASD-TX1,2
WALC-OP1,CASD-TX1,6
AZOB-OP1,CASF-TX1,3
CADN-OP1,CASF-TX1,13
CAGS-OP1,CASF-TX1,3
CAOP-OP1,CASF-TX1,7
CASD-IO1,CASF-TX1,4
CORS-OP1,CASF-TX1,2
ILIP-OP1,CASF-TX1,1
NVLV-OP1,CASF-TX1,9
OKOP-OP1,CASF-TX1,1
ORUO-IO1,CASF-TX1,6
UTOP-OP1,CASF-TX1,1
WALC-OP1,CASF-TX1,8
CADN-OP1,CASG-TX1,3
CAGS-OP1,CASG-TX1,1
CAOP-OP1,CASG-TX1,1
CORS-OP1,CASG-TX1,1
NVLV-OP1,CASG-TX1,2
ORUO-IO1,CASG-TX1,2
UTOP-OP1,CASG-TX1,1
WALC-OP1,CASG-TX1,2
AZOB-OP1,CASH-TX1,2
CADN-OP1,CASH-TX1,4
CAGS-OP1,CASH-TX1,1
CAOP-OP1,CASH-TX1,1
CASD-IO1,CASH-TX1,3
AZOB-OP1,CASU-TX1,2
CADN-OP1,CASU-TX1,14
CAGS-OP1,CASU-TX1,4
CAOP-OP1,CASU-TX1,14
CASD-IO1,CASU-TX1,2
CORS-OP1,CASU-TX1,2
HIOP-OP1,CASU-TX1,1
NMOP-OP1,CASU-TX1,1
NVLV-OP1,CASU-TX1,6
ORUO-IO1,CASU-TX1,9
TXGC-OP1,CASU-TX1,1
TXSA-OP1,CASU-TX1,1
TXSB-OP1,CASU-TX1,1
UTOP-OP1,CASU-TX1,3
WALC-OP1,CASU-TX1,10
AZOB-OP1,CAUC-TX1,12
CADN-OP1,CAUC-TX1,15
CAGS-OP1,CAUC-TX1,1
CAOP-OP1,CAUC-TX1,26
CASD-IO1,CAUC-TX1,12
CORS-OP1,CAUC-TX1,2
NMOP-OP1,CAUC-TX1,1
NVLV-OP1,CAUC-TX1,8
TXGC-OP1,CAUC-TX1,1
UTOP-OP1,CAUC-TX1,5
WALC-OP1,CAUC-TX1,4
AZOB-OP1,CAUH-TX1,1
CADN-OP1,CAUH-TX1,8
CAGS-OP1,CAUH-TX1,2
CAOP-OP1,CAUH-TX1,5
CASD-IO1,CAUH-TX1,2
UTOP-OP1,CAUH-TX1,1
CASD-IO1,COCH-TX1,1
CORS-OP1,COCH-TX1,5
MWOB-OP1,COCH-TX1,2
NEOR-OP1,COCH-TX1,2
NVLV-OP1,COCH-TX1,1
OKOP-OP1,COCH-TX1,1
TXGC-OP1,COCH-TX1,1
UTOP-OP1,COCH-TX1,2
WALC-OP1,COCH-TX1,1
AZOB-OP1,COUC-TX1,3
CADN-OP1,COUC-TX1,1
CAOP-OP1,COUC-TX1,2
CORS-OP1,COUC-TX1,34
INOP-OP1,COUC-TX1,1
MNOP-OP1,COUC-TX1,1
MWOB-OP1,COUC-TX1,5
NEOR-OP1,COUC-TX1,3
NMOP-OP1,COUC-TX1,1
OKOP-OP1,COUC-TX1,1
ORUO-IO1,COUC-TX1,3
TXSB-OP1,COUC-TX1,3
UTOP-OP1,COUC-TX1,12
WALC-OP1,COUC-TX1,7
ILIP-OP1,CTHH-TX1,1
INOP-OP1,CTHH-TX1,1
KYDA-OP1,CTHH-TX1,2
MAOB-OP1,CTHH-TX1,5
MIOP-OP1,CTHH-TX1,2
MSOP-OP1,CTHH-TX1,1
NCCM-IO1,CTHH-TX1,1
NCNC-OP1,CTHH-TX1,1
NJTO-OP1,CTHH-TX1,2
NYAP-OP1,CTHH-TX1,2
NYRT-OP1,CTHH-TX1,3
NYWN-OP1,CTHH-TX1,3
OHLP-OP1,CTHH-TX1,2
OKOP-OP1,CTHH-TX1,1
PADV-OP1,CTHH-TX1,7
PATF-OP1,CTHH-TX1,2
PRLL-OP1,CTHH-TX1,2
VATB-OP1,CTHH-TX1,2
WIUW-IO1,CTHH-TX1,1
KYDA-OP1,CTYN-TX1,1
MAOB-OP1,CTYN-TX1,5
NCNC-OP1,CTYN-TX1,2
OHLB-OP1,CTYN-TX1,1
OHLP-OP1,CTYN-TX1,1
PADV-OP1,CTYN-TX1,3
PATF-OP1,CTYN-TX1,1
VATB-OP1,CTYN-TX1,1
GALL-OP1,DCCH-TX1,2
MAOB-OP1,DCCH-TX1,1
MIOP-OP1,DCCH-TX1,1
NCNC-OP1,DCCH-TX1,1
NYRT-OP1,DCCH-TX1,3
TNDS-OP1,DCCH-TX1,1
GALL-OP1,DCWH-TX1,2
INOP-OP1,DCWH-TX1,3
KYDA-OP1,DCWH-TX1,3
MDPC-OP1,DCWH-TX1,1
MIOP-OP1,DCWH-TX1,4
MNOP-OP1,DCWH-TX1,1
MSOP-OP1,DCWH-TX1,1
NCCM-IO1,DCWH-TX1,2
NCNC-OP1,DCWH-TX1,1
NYFL-IO1,DCWH-TX1,1
NYRT-OP1,DCWH-TX1,1
OHLB-OP1,DCWH-TX1,1
PADV-OP1,DCWH-TX1,5
PATF-OP1,DCWH-TX1,1
SCOP-OP1,DCWH-TX1,2
TNDS-OP1,DCWH-TX1,4
VATB-OP1,DCWH-TX1,1
MIOP-OP1,DEAI-TX1,1
NJTO-OP1,DEAI-TX1,1
FLFH-IO1,FLAC-TX1,1
FLUF-IO1,FLAC-TX1,1
FLFH-IO1,FLCC-TX1,2
FLMP-OP1,FLCC-TX1,9
FLUF-IO1,FLCC-TX1,5
FLWC-OP1,FLCC-TX1,6
GALL-OP1,FLCC-TX1,1
MWOB-OP1,FLCC-TX1,1
NCNC-OP1,FLCC-TX1,1
PATF-OP1,FLCC-TX1,1
PRLL-OP1,FLCC-TX1,6
TNDS-OP1,FLCC-TX1,1
TXGC-OP1,FLCC-TX1,1
ALOB-OP1,FLFH-TX1,7
CADN-OP1,FLFH-TX1,1
CASD-IO1,FLFH-TX1,1
FLFH-IO1,FLFH-TX1,4
FLMP-OP1,FLFH-TX1,11
FLUF-IO1,FLFH-TX1,2
FLWC-OP1,FLFH-TX1,8
GALL-OP1,FLFH-TX1,6
ILIP-OP1,FLFH-TX1,1
KYDA-OP1,FLFH-TX1,1
NCCM-IO1,FLFH-TX1,1
NCNC-OP1,FLFH-TX1,2
PADV-OP1,FLFH-TX1,1
PATF-OP1,FLFH-TX1,1
PRLL-OP1,FLFH-TX1,1
SCOP-OP1,FLFH-TX1,2
TNDS-OP1,FLFH-TX1,2
TXSA-OP1,FLFH-TX1,2
TXSB-OP1,FLFH-TX1,1
VATB-OP1,FLFH-TX1,1
FLFH-IO1,FLJD-TX1,1
FLMP-OP1,FLJD-TX1,1
FLUF-IO1,FLJD-TX1,2
FLWC-OP1,FLJD-TX1,2
TNDS-OP1,FLJD-TX1,1
FLFH-IO1,FLJM-TX1,2
FLMP-OP1,FLJM-TX1,3
FLUF-IO1,FLJM-TX1,2
FLWC-OP1,FLJM-TX1,6
PADV-OP1,FLJM-TX1,1
PRLL-OP1,FLJM-TX1,1
ALOB-OP1,FLLM-TX1,1
FLFH-IO1,FLLM-TX1,1
FLMP-OP1,FLLM-TX1,5
FLWC-OP1,FLLM-TX1,4
GALL-OP1,FLLM-TX1,1
MSOP-OP1,FLLM-TX1,1
NCCM-IO1,FLLM-TX1,1
PADV-OP1,FLLM-TX1,1
SCOP-OP1,FLLM-TX1,2
TNDS-OP1,FLLM-TX1,2
TXGC-OP1,FLLM-TX1,2
TXSB-OP1,FLLM-TX1,1
ALOB-OP1,FLMR-TX1,1
FLFH-IO1,FLMR-TX1,2
FLMP-OP1,FLMR-TX1,11
FLUF-IO1,FLMR-TX1,3
FLWC-OP1,FLMR-TX1,6
GALL-OP1,FLMR-TX1,2
PRLL-OP1,FLMR-TX1,4
ALOB-OP1,FLSL-TX1,3
FLFH-IO1,FLSL-TX1,7
FLMP-OP1,FLSL-TX1,6
FLUF-IO1,FLSL-TX1,13
FLWC-OP1,FLSL-TX1,8
GALL-OP1,FLSL-TX1,9
ILIP-OP1,FLSL-TX1,1
INOP-OP1,FLSL-TX1,1
KYDA-OP1,FLSL-TX1,4
LAOP-OP1,FLSL-TX1,3
MDPC-OP1,FLSL-TX1,1
MSOP-OP1,FLSL-TX1,4
MWOB-OP1,FLSL-TX1,1
NCNC-OP1,FLSL-TX1,1
NEOR-OP1,FLSL-TX1,1
NMOP-OP1,FLSL-TX1,1
NYRT-OP1,FLSL-TX1,1
OKOP-OP1,FLSL-TX1,2
PADV-OP1,FLSL-TX1,3
PATF-OP1,FLSL-TX1,2
SCOP-OP1,FLSL-TX1,1
TNDS-OP1,FLSL-TX1,6
TXSB-OP1,FLSL-TX1,3
WIDN-OP1,FLSL-TX1,1
WIUW-IO1,FLSL-TX1,1
ALOB-OP1,FLTG-TX1,3
CORS-OP1,FLTG-TX1,1
FLMP-OP1,FLTG-TX1,10
FLUF-IO1,FLTG-TX1,2
FLWC-OP1,FLTG-TX1,11
GALL-OP1,FLTG-TX1,3
LAOP-OP1,FLTG-TX1,1
MWOB-OP1,FLTG-TX1,2
NCNC-OP1,FLTG-TX1,1
NMOP-OP1,FLTG-TX1,1
PADV-OP1,FLTG-TX1,1
PATF-OP1,FLTG-TX1,1
SCOP-OP1,FLTG-TX1,1
TNDS-OP1,FLTG-TX1,1
TXSA-OP1,FLTG-TX1,1
WIDN-OP1,FLTG-TX1,1
WIUW-IO1,FLTG-TX1,1
ALOB-OP1,FLUF-TX1,1
FLFH-IO1,FLUF-TX1,4
FLMP-OP1,FLUF-TX1,5
FLUF-IO1,FLUF-TX1,3
FLWC-OP1,FLUF-TX1,4
GALL-OP1,FLUF-TX1,6
LAOP-OP1,FLUF-TX1,1
MSOP-OP1,FLUF-TX1,3
NCCM-IO1,FLUF-TX1,3
OKOP-OP1,FLUF-TX1,1
SCOP-OP1,FLUF-TX1,1
TNDS-OP1,FLUF-TX1,4
VATB-OP1,FLUF-TX1,1
FLFH-IO1,GAEH-TX1,1
FLUF-IO1,GAEH-TX1,1
FLWC-OP1,GAEH-TX1,1
LAOP-OP1,GAEH-TX1,3
MDPC-OP1,GAEH-TX1,1
MOMA-OP1,GAEH-TX1,1
NCNC-OP1,GAEH-TX1,1
PATF-OP1,GAEH-TX1,1
ALOB-OP1,GAEM-TX1,4
AROR-OP1,GAEM-TX1,2
AZOB-OP1,GAEM-TX1,1
FLFH-IO1,GAEM-TX1,4
FLUF-IO1,GAEM-TX1,4
FLWC-OP1,GAEM-TX1,3
GALL-OP1,GAEM-TX1,8
ILIP-OP1,GAEM-TX1,5
INOP-OP1,GAEM-TX1,5
KYDA-OP1,GAEM-TX1,3
LAOP-OP1,GAEM-TX1,3
MAOB-OP1,GAEM-TX1,1
MDPC-OP1,GAEM-TX1,1
MIOP-OP1,GAEM-TX1,1
MNOP-OP1,GAEM-TX1,1
MOMA-OP1,GAEM-TX1,1
MSOP-OP1,GAEM-TX1,1
MWOB-OP1,GAEM-TX1,1
NCCM-IO1,GAEM-TX1,1
NCNC-OP1,GAEM-TX1,2
OHLB-OP1,GAEM-TX1,2
OHLP-OP1,GAEM-TX1,1
OKOP-OP1,GAEM-TX1,1
PATF-OP1,GAEM-TX1,2
PRLL-OP1,GAEM-TX1,1
SCOP-OP1,GAEM-TX1,1
TNDS-OP1,GAEM-TX1,3
TNMS-OP1,GAEM-TX1,2
TXGC-OP1,GAEM-TX1,2
TXSA-OP1,GAEM-TX1,1
TXSB-OP1,GAEM-TX1,1
UTOP-OP1,GAEM-TX1,1
VATB-OP1,GAEM-TX1,3
WALC-OP1,GAEM-TX1,1
ALOB-OP1,GAPH-TX1,3
AROR-OP1,GAPH-TX1,2
FLFH-IO1,GAPH-TX1,2
FLMP-OP1,GAPH-TX1,2
FLUF-IO1,GAPH-TX1,5
FLWC-OP1,GAPH-TX1,3
GALL-OP1,GAPH-TX1,11
IAOP-OP1,GAPH-TX1,1
ILIP-OP1,GAPH-TX1,8
INOP-OP1,GAPH-TX1,7
KYDA-OP1,GAPH-TX1,2
LAOP-OP1,GAPH-TX1,5
MAOB-OP1,GAPH-TX1,1
MDPC-OP1,GAPH-TX1,2
MIOP-OP1,GAPH-TX1,1
MNOP-OP1,GAPH-TX1,1
MOMA-OP1,GAPH-TX1,10
MSOP-OP1,GAPH-TX1,3
MWOB-OP1,GAPH-TX1,3
NCCM-IO1,GAPH-TX1,1
NCNC-OP1,GAPH-TX1,1
NJTO-OP1,GAPH-TX1,1
NYRT-OP1,GAPH-TX1,1
OHLC-OP1,GAPH-TX1,1
OKOP-OP1,GAPH-TX1,1
PADV-OP1,GAPH-TX1,1
PATF-OP1,GAPH-TX1,3
SCOP-OP1,GAPH-TX1,3
TNDS-OP1,GAPH-TX1,7
TXGC-OP1,GAPH-TX1,3
TXSA-OP1,GAPH-TX1,1
TXSB-OP1,GAPH-TX1,2
VATB-OP1,GAPH-TX1,5
AROR-OP1,IAIV-TX1,2
ILIP-OP1,IAIV-TX1,3
INOP-OP1,IAIV-TX1,2
MNOP-OP1,IAIV-TX1,1
MOMA-OP1,IAIV-TX1,1
MSOP-OP1,IAIV-TX1,1
MWOB-OP1,IAIV-TX1,2
OKOP-OP1,IAIV-TX1,1
TNDS-OP1,IAIV-TX1,1
WIDN-OP1,IAIV-TX1,1
WIUW-IO1,IAIV-TX1,1
IAOP-OP1,ILCH-TX1,1
ILIP-OP1,ILCH-TX1,1
INOP-OP1,ILCH-TX1,2
KYDA-OP1,ILCH-TX1,1
MIOP-OP1,ILCH-TX1,2
MNOP-OP1,ILCH-TX1,1
MOMA-OP1,ILCH-TX1,4
MWOB-OP1,ILCH-TX1,4
NEOR-OP1,ILCH-TX1,1
PADV-OP1,ILCH-TX1,1
TNDS-OP1,ILCH-TX1,1
TNMS-OP1,ILCH-TX1,1
WIDN-OP1,ILCH-TX1,1
WIUW-IO1,ILCH-TX1,2
ALOB-OP1,ILCM-TX1,1
AROR-OP1,ILCM-TX1,1
ILIP-OP1,ILCM-TX1,1
MIOP-OP1,ILCM-TX1,2
MNOP-OP1,ILCM-TX1,2
MOMA-OP1,ILCM-TX1,1
NCCM-IO1,ILCM-TX1,1
NEOR-OP1,ILCM-TX1,1
PATF-OP1,ILCM-TX1,1
TNDS-OP1,ILCM-TX1,2
VATB-OP1,ILCM-TX1,1
WIUW-IO1,ILCM-TX1,1
IAOP-OP1,ILLU-TX1,1
ILIP-OP1,ILLU-TX1,4
MDPC-OP1,ILLU-TX1,1
NEOR-OP1,ILLU-TX1,1
OHLB-OP1,ILLU-TX1,1
TXSB-OP1,ILLU-TX1,1
WIDN-OP1,ILLU-TX1,1
CORS-OP1,ILNM-TX1,2
IAOP-OP1,ILNM-TX1,1
ILIP-OP1,ILNM-TX1,10
INOP-OP1,ILNM-TX1,1
KYDA-OP1,ILNM-TX1,2
MIOP-OP1,ILNM-TX1,1
MNOP-OP1,ILNM-TX1,1
MOMA-OP1,ILNM-TX1,1
MWOB-OP1,ILNM-TX1,1
NMOP-OP1,ILNM-TX1,2
NYWN-OP1,ILNM-TX1,1
PADV-OP1,ILNM-TX1,1
TNDS-OP1,ILNM-TX1,1
TNMS-OP1,ILNM-TX1,2
WIUW-IO1,ILNM-TX1,1
GALL-OP1,ILSF-TX1,1
INOP-OP1,ILSF-TX1,2
MOMA-OP1,ILSF-TX1,1
MWOB-OP1,ILSF-TX1,1
WIDN-OP1,ILSF-TX1,1
ALOB-OP1,ILUC-TX1,2
AROR-OP1,ILUC-TX1,2
CORS-OP1,ILUC-TX1,2
FLMP-OP1,ILUC-TX1,1
GALL-OP1,ILUC-TX1,1
ILIP-OP1,ILUC-TX1,8
INOP-OP1,ILUC-TX1,5
KYDA-OP1,ILUC-TX1,2
MIOP-OP1,ILUC-TX1,4
MNOP-OP1,ILUC-TX1,5
MOMA-OP1,ILUC-TX1,2
MWOB-OP1,ILUC-TX1,2
NCNC-OP1,ILUC-TX1,2
NEOR-OP1,ILUC-TX1,2
NYFL-IO1,ILUC-TX1,1
OHLC-OP1,ILUC-TX1,1
OHLP-OP1,ILUC-TX1,1
PATF-OP1,ILUC-TX1,3
TNDS-OP1,ILUC-TX1,6
TNMS-OP1,ILUC-TX1,2
TXSB-OP1,ILUC-TX1,1
WIDN-OP1,ILUC-TX1,3
WIUW-IO1,ILUC-TX1,1
AROR-OP1,INIM-TX1,1
GALL-OP1,INIM-TX1,1
IAOP-OP1,INIM-TX1,1
ILIP-OP1,INIM-TX1,5
INOP-OP1,INIM-TX1,3
KYDA-OP1,INIM-TX1,1
MDPC-OP1,INIM-TX1,1
MIOP-OP1,INIM-TX1,3
MOMA-OP1,INIM-TX1,2
MWOB-OP1,INIM-TX1,2
NCCM-IO1,INIM-TX1,1
NEOR-OP1,INIM-TX1,2
PATF-OP1,INIM-TX1,1
CORS-OP1,INSV-TX1,1
FLFH-IO1,INSV-TX1,1
ILIP-OP1,INSV-TX1,3
INOP-OP1,INSV-TX1,3
KYDA-OP1,INSV-TX1,1
MDPC-OP1,INSV-TX1,2
MIOP-OP1,INSV-TX1,4
MNOP-OP1,INSV-TX1,3
MOMA-OP1,INSV-TX1,1
MWOB-OP1,INSV-TX1,2
NCCM-IO1,INSV-TX1,3
PATF-OP1,INSV-TX1,2
TNDS-OP1,INSV-TX1,3
WIUW-IO1,INSV-TX1,1
ALOB-OP1,KSUK-TX1,1
CORS-OP1,KSUK-TX1,6
GALL-OP1,KSUK-TX1,1
IAOP-OP1,KSUK-TX1,1
ILIP-OP1,KSUK-TX1,3
INOP-OP1,KSUK-TX1,2
KYDA-OP1,KSUK-TX1,1
LAOP-OP1,KSUK-TX1,3
MNOP-OP1,KSUK-TX1,4
MWOB-OP1,KSUK-TX1,14
NCNC-OP1,KSUK-TX1,1
NEOR-OP1,KSUK-TX1,1
OHLC-OP1,KSUK-TX1,1
PATF-OP1,KSUK-TX1,1
TNDS-OP1,KSUK-TX1,1
TXGC-OP1,KSUK-TX1,1
TXSA-OP1,KSUK-TX1,1
TXSB-OP1,KSUK-TX1,2
AROR-OP1,KYJH-TX1,1
FLUF-IO1,KYJH-TX1,1
GALL-OP1,KYJH-TX1,2
IAOP-OP1,KYJH-TX1,1
ILIP-OP1,KYJH-TX1,2
KYDA-OP1,KYJH-TX1,2
MWOB-OP1,KYJH-TX1,3
TNMS-OP1,KYJH-TX1,2
WIDN-OP1,KYJH-TX1,1
WIUW-IO1,KYJH-TX1,1
GALL-OP1,KYKC-TX1,1
ILIP-OP1,KYKC-TX1,1
MIOP-OP1,KYKC-TX1,1
SCOP-OP1,KYKC-TX1,1
VATB-OP1,KYKC-TX1,2
ILIP-OP1,KYUK-TX1,1
MNOP-OP1,KYUK-TX1,1
MOMA-OP1,KYUK-TX1,2
MSOP-OP1,KYUK-TX1,1
MWOB-OP1,KYUK-TX1,2
NCNC-OP1,KYUK-TX1,2
NYRT-OP1,KYUK-TX1,1
OHLC-OP1,KYUK-TX1,2
OKOP-OP1,KYUK-TX1,1
ORUO-IO1,KYUK-TX1,1
PADV-OP1,KYUK-TX1,2
PATF-OP1,KYUK-TX1,1
UTOP-OP1,KYUK-TX1,1
VATB-OP1,KYUK-TX1,2
ALOB-OP1,LAOF-TX1,2
AROR-OP1,LAOF-TX1,2
GALL-OP1,LAOF-TX1,1
LAOP-OP1,LAOF-TX1,3
MSOP-OP1,LAOF-TX1,2
OKOP-OP1,LAOF-TX1,1
TNDS-OP1,LAOF-TX1,2
TNMS-OP1,LAOF-TX1,2
TXGC-OP1,LAOF-TX1,2
TXSA-OP1,LAOF-TX1,5
TXSB-OP1,LAOF-TX1,2
ALOB-OP1,LATU-TX1,1
AROR-OP1,LATU-TX1,1
FLFH-IO1,LATU-TX1,1
FLWC-OP1,LATU-TX1,1
LAOP-OP1,LATU-TX1,3
OKOP-OP1,LATU-TX1,1
TXSA-OP1,LATU-TX1,1
TXSB-OP1,LATU-TX1,2
FLUF-IO1,MABI-TX1,1
FLWC-OP1,MABI-TX1,1
GALL-OP1,MABI-TX1,1
ILIP-OP1,MABI-TX1,4
MAOB-OP1,MABI-TX1,9
MDPC-OP1,MABI-TX1,2
MIOP-OP1,MABI-TX1,2
MNOP-OP1,MABI-TX1,1
NJTO-OP1,MABI-TX1,1
NYAP-OP1,MABI-TX1,1
OHLB-OP1,MABI-TX1,1
PADV-OP1,MABI-TX1,3
PATF-OP1,MABI-TX1,1
TNDS-OP1,MABI-TX1,1
TXGC-OP1,MABI-TX1,1
VATB-OP1,MABI-TX1,2
MAOB-OP1,MACH-TX1,1
MDPC-OP1,MACH-TX1,1
NCCM-IO1,MACH-TX1,1
NJTO-OP1,MACH-TX1,2
NYFL-IO1,MACH-TX1,1
NYRT-OP1,MACH-TX1,2
NYWN-OP1,MACH-TX1,1
OHLB-OP1,MACH-TX1,1
PADV-OP1,MACH-TX1,1
PATF-OP1,MACH-TX1,1
TNDS-OP1,MACH-TX1,1
VATB-OP1,MACH-TX1,1
CADN-OP1,MAMG-TX1,2
CAGS-OP1,MAMG-TX1,1
CASD-IO1,MAMG-TX1,1
CORS-OP1,MAMG-TX1,2
FLFH-IO1,MAMG-TX1,1
FLMP-OP1,MAMG-TX1,1
KYDA-OP1,MAMG-TX1,1
MAOB-OP1,MAMG-TX1,12
MDPC-OP1,MAMG-TX1,1
MIOP-OP1,MAMG-TX1,1
NCNC-OP1,MAMG-TX1,4
NJTO-OP1,MAMG-TX1,3
NYAP-OP1,MAMG-TX1,3
NYFL-IO1,MAMG-TX1,1
NYRT-OP1,MAMG-TX1,2
OHLB-OP1,MAMG-TX1,5
PADV-OP1,MAMG-TX1,4
PATF-OP1,MAMG-TX1,2
SCOP-OP1,MAMG-TX1,1
TNMS-OP1,MAMG-TX1,1
TXGC-OP1,MAMG-TX1,2
TXSB-OP1,MAMG-TX1,1
VATB-OP1,MAMG-TX1,1
WALC-OP1,MAMG-TX1,1
MAOB-OP1,MANM-TX1,13
MDPC-OP1,MANM-TX1,3
MIOP-OP1,MANM-TX1,1
MOMA-OP1,MANM-TX1,1
MSOP-OP1,MANM-TX1,1
NJTO-OP1,MANM-TX1,3
NVLV-OP1,MANM-TX1,1
NYAP-OP1,MANM-TX1,4
NYFL-IO1,MANM-TX1,2
NYRT-OP1,MANM-TX1,8
NYWN-OP1,MANM-TX1,3
PADV-OP1,MANM-TX1,12
PATF-OP1,MANM-TX1,3
VATB-OP1,MANM-TX1,4
WALC-OP1,MANM-TX1,2
WIUW-IO1,MANM-TX1,1
FLUF-IO1,MAPB-TX1,1
FLWC-OP1,MAPB-TX1,2
MAOB-OP1,MAPB-TX1,10
MDPC-OP1,MAPB-TX1,5
MIOP-OP1,MAPB-TX1,1
MNOP-OP1,MAPB-TX1,3
MWOB-OP1,MAPB-TX1,1
NEOR-OP1,MAPB-TX1,1
NJTO-OP1,MAPB-TX1,1
NYFL-IO1,MAPB-TX1,1
NYRT-OP1,MAPB-TX1,1
OHLB-OP1,MAPB-TX1,3
PADV-OP1,MAPB-TX1,4
PATF-OP1,MAPB-TX1,1
TNDS-OP1,MAPB-TX1,1
VATB-OP1,MAPB-TX1,1
WALC-OP1,MAPB-TX1,1
WIUW-IO1,MAPB-TX1,1
ALOB-OP1,MDJH-TX1,1
AZOB-OP1,MDJH-TX1,1
CORS-OP1,MDJH-TX1,1
FLFH-IO1,MDJH-TX1,1
GALL-OP1,MDJH-TX1,4
ILIP-OP1,MDJH-TX1,1
INOP-OP1,MDJH-TX1,4
KYDA-OP1,MDJH-TX1,3
LAOP-OP1,MDJH-TX1,1
MAOB-OP1,MDJH-TX1,5
MDPC-OP1,MDJH-TX1,2
MIOP-OP1,MDJH-TX1,6
MNOP-OP1,MDJH-TX1,2
MOMA-OP1,MDJH-TX1,1
NCNC-OP1,MDJH-TX1,2
NEOR-OP1,MDJH-TX1,1
NJTO-OP1,MDJH-TX1,3
NMOP-OP1,MDJH-TX1,1
NYAP-OP1,MDJH-TX1,1
NYFL-IO1,MDJH-TX1,1
NYRT-OP1,MDJH-TX1,7
NYWN-OP1,MDJH-TX1,1
OHLB-OP1,MDJH-TX1,1
OHLC-OP1,MDJH-TX1,2
OKOP-OP1,MDJH-TX1,3
PADV-OP1,MDJH-TX1,5
PATF-OP1,MDJH-TX1,6
PRLL-OP1,MDJH-TX1,1
TNDS-OP1,MDJH-TX1,2
TXGC-OP1,MDJH-TX1,2
TXSA-OP1,MDJH-TX1,2
VATB-OP1,MDJH-TX1,1
WALC-OP1,MDJH-TX1,1
GALL-OP1,MDUM-TX1,3
KYDA-OP1,MDUM-TX1,1
MAOB-OP1,MDUM-TX1,1
MDPC-OP1,MDUM-TX1,1
MIOP-OP1,MDUM-TX1,1
NCCM-IO1,MDUM-TX1,1
OHLB-OP1,MDUM-TX1,1
PATF-OP1,MDUM-TX1,2
SCOP-OP1,MDUM-TX1,1
VATB-OP1,MDUM-TX1,1
ILIP-OP1,MICH-TX1,1
MNOP-OP1,MICH-TX1,1
ALOB-OP1,MIHF-TX1,1
ILIP-OP1,MIHF-TX1,5
INOP-OP1,MIHF-TX1,1
KYDA-OP1,MIHF-TX1,1
MDPC-OP1,MIHF-TX1,1
MNOP-OP1,MIHF-TX1,1
NCNC-OP1,MIHF-TX1,1
NYRT-OP1,MIHF-TX1,1
OHLB-OP1,MIHF-TX1,2
OHLP-OP1,MIHF-TX1,1
PATF-OP1,MIHF-TX1,2
TNDS-OP1,MIHF-TX1,1
TXGC-OP1,MIHF-TX1,1
CADN-OP1,MISH-TX1,1
CORS-OP1,MISH-TX1,7
FLUF-IO1,MISH-TX1,1
IAOP-OP1,MISH-TX1,1
ILIP-OP1,MISH-TX1,3
INOP-OP1,MISH-TX1,4
KYDA-OP1,MISH-TX1,1
MAOB-OP1,MISH-TX1,1
MDPC-OP1,MISH-TX1,1
MIOP-OP1,MISH-TX1,3
MNOP-OP1,MISH-TX1,2
MWOB-OP1,MISH-TX1,1
NCNC-OP1,MISH-TX1,1
OHLB-OP1,MISH-TX1,1
OHLC-OP1,MISH-TX1,1
OKOP-OP1,MISH-TX1,2
ORUO-IO1,MISH-TX1,1
PADV-OP1,MISH-TX1,2
PATF-OP1,MISH-TX1,4
TNDS-OP1,MISH-TX1,1
WIUW-IO1,MISH-TX1,2
FLUF-IO1,MIUM-TX1,1
ILIP-OP1,MIUM-TX1,8
INOP-OP1,MIUM-TX1,2
KYDA-OP1,MIUM-TX1,2
MDPC-OP1,MIUM-TX1,2
MNOP-OP1,MIUM-TX1,1
MOMA-OP1,MIUM-TX1,2
NCCM-IO1,MIUM-TX1,5
NYFL-IO1,MIUM-TX1,1
OHLC-OP1,MIUM-TX1,1
OHLP-OP1,MIUM-TX1,2
PADV-OP1,MIUM-TX1,1
SCOP-OP1,MIUM-TX1,1
TNDS-OP1,MIUM-TX1,2
TXGC-OP1,MIUM-TX1,1
VATB-OP1,MIUM-TX1,1
WIDN-OP1,MIUM-TX1,1
WIUW-IO1,MIUM-TX1,4
CORS-OP1,MNAN-TX1,1
IAOP-OP1,MNAN-TX1,3
ILIP-OP1,MNAN-TX1,1
INOP-OP1,MNAN-TX1,2
KYDA-OP1,MNAN-TX1,1
MNOP-OP1,MNAN-TX1,5
MWOB-OP1,MNAN-TX1,1
NEOR-OP1,MNAN-TX1,1
WIUW-IO1,MNAN-TX1,1
IAOP-OP1,MNCM-TX1,1
CORS-OP1,MNMC-TX1,2
FLUF-IO1,MNMC-TX1,1
FLWC-OP1,MNMC-TX1,1
ILIP-OP1,MNMC-TX1,6
INOP-OP1,MNMC-TX1,2
MAOB-OP1,MNMC-TX1,1
MIOP-OP1,MNMC-TX1,1
MNOP-OP1,MNMC-TX1,14
MOMA-OP1,MNMC-TX1,1
MWOB-OP1,MNMC-TX1,2
NEOR-OP1,MNMC-TX1,4
NMOP-OP1,MNMC-TX1,1
NVLV-OP1,MNMC-TX1,1
NYAP-OP1,MNMC-TX1,1
OHLC-OP1,MNMC-TX1,1
OHLP-OP1,MNMC-TX1,2
OKOP-OP1,MNMC-TX1,1
PADV-OP1,MNMC-TX1,2
TXGC-OP1,MNMC-TX1,1
TXSA-OP1,MNMC-TX1,1
TXSB-OP1,MNMC-TX1,1
UTOP-OP1,MNMC-TX1,1
WALC-OP1,MNMC-TX1,3
WIDN-OP1,MNMC-TX1,3
WIUW-IO1,MNMC-TX1,2
CORS-OP1,MNUM-TX1,1
IAOP-OP1,MNUM-TX1,2
ILIP-OP1,MNUM-TX1,3
INOP-OP1,MNUM-TX1,3
MIOP-OP1,MNUM-TX1,1
MNOP-OP1,MNUM-TX1,10
MOMA-OP1,MNUM-TX1,1
MWOB-OP1,MNUM-TX1,1
NEOR-OP1,MNUM-TX1,3
OHLC-OP1,MNUM-TX1,1
WIDN-OP1,MNUM-TX1,1
WIUW-IO1,MNUM-TX1,4
ALOB-OP1,MOBH-TX1,1
AROR-OP1,MOBH-TX1,5
CORS-OP1,MOBH-TX1,1
GALL-OP1,MOBH-TX1,3
IAOP-OP1,MOBH-TX1,2
ILIP-OP1,MOBH-TX1,4
INOP-OP1,MOBH-TX1,3
KYDA-OP1,MOBH-TX1,2
LAOP-OP1,MOBH-TX1,2
MNOP-OP1,MOBH-TX1,4
MOMA-OP1,MOBH-TX1,8
MWOB-OP1,MOBH-TX1,4
OKOP-OP1,MOBH-TX1,6
PATF-OP1,MOBH-TX1,1
TNDS-OP1,MOBH-TX1,3
TNMS-OP1,MOBH-TX1,1
TXGC-OP1,MOBH-TX1,2
TXSB-OP1,MOBH-TX1,2
WIUW-IO1,MOBH-TX1,3
LAOP-OP1,MOCG-TX1,1
MWOB-OP1,MOCG-TX1,1
ALOB-OP1,MOCH-TX1,1
INOP-OP1,MOCH-TX1,1
KYDA-OP1,MOCH-TX1,1
LAOP-OP1,MOCH-TX1,3
MIOP-OP1,MOCH-TX1,1
MOMA-OP1,MOCH-TX1,2
MWOB-OP1,MOCH-TX1,1
NEOR-OP1,MOCH-TX1,1
OKOP-OP1,MOCH-TX1,1
TNDS-OP1,MOCH-TX1,1
TXSB-OP1,MOCH-TX1,4
WIDN-OP1,MOCH-TX1,1
CORS-OP1,MOCM-TX1,1
KYDA-OP1,MOCM-TX1,1
MIOP-OP1,MOCM-TX1,1
MWOB-OP1,MOCM-TX1,1
NEOR-OP1,MOCM-TX1,1
TXGC-OP1,MOCM-TX1,1
AROR-OP1,MOLH-TX1,1
CORS-OP1,MOLH-TX1,2
IAOP-OP1,MOLH-TX1,1
ILIP-OP1,MOLH-TX1,5
INOP-OP1,MOLH-TX1,2
KYDA-OP1,MOLH-TX1,1
MIOP-OP1,MOLH-TX1,1
MNOP-OP1,MOLH-TX1,5
MOMA-OP1,MOLH-TX1,2
MWOB-OP1,MOLH-TX1,4
NEOR-OP1,MOLH-TX1,1
OHLC-OP1,MOLH-TX1,1
OKOP-OP1,MOLH-TX1,1
TXGC-OP1,MOLH-TX1,3
TXSB-OP1,MOLH-TX1,1
WIUW-IO1,MOLH-TX1,1
GALL-OP1,MSUM-TX1,1
MSOP-OP1,MSUM-TX1,1
OKOP-OP1,MSUM-TX1,2
TXSA-OP1,MSUM-TX1,2
TXSB-OP1,MSUM-TX1,2
FLFH-IO1,NCBG-TX1,2
FLUF-IO1,NCBG-TX1,3
GALL-OP1,NCBG-TX1,2
ILIP-OP1,NCBG-TX1,3
INOP-OP1,NCBG-TX1,2
KYDA-OP1,NCBG-TX1,3
MAOB-OP1,NCBG-TX1,1
MIOP-OP1,NCBG-TX1,1
MWOB-OP1,NCBG-TX1,1
NCNC-OP1,NCBG-TX1,3
NJTO-OP1,NCBG-TX1,1
NYAP-OP1,NCBG-TX1,2
NYRT-OP1,NCBG-TX1,1
NYWN-OP1,NCBG-TX1,1
PADV-OP1,NCBG-TX1,1
TNDS-OP1,NCBG-TX1,1
TNMS-OP1,NCBG-TX1,1
ALOB-OP1,NCCM-TX1,3
FLFH-IO1,NCCM-TX1,5
FLUF-IO1,NCCM-TX1,1
FLWC-OP1,NCCM-TX1,8
ILIP-OP1,NCCM-TX1,2
INOP-OP1,NCCM-TX1,2
KYDA-OP1,NCCM-TX1,1
LAOP-OP1,NCCM-TX1,3
MAOB-OP1,NCCM-TX1,1
MDPC-OP1,NCCM-TX1,3
MIOP-OP1,NCCM-TX1,1
MOMA-OP1,NCCM-TX1,3
MSOP-OP1,NCCM-TX1,3
NCCM-IO1,NCCM-TX1,3
NCNC-OP1,NCCM-TX1,2
NJTO-OP1,NCCM-TX1,2
NYRT-OP1,NCCM-TX1,4
OHLB-OP1,NCCM-TX1,2
OHLC-OP1,NCCM-TX1,3
OHLP-OP1,NCCM-TX1,1
PADV-OP1,NCCM-TX1,8
PATF-OP1,NCCM-TX1,7
PRLL-OP1,NCCM-TX1,1
SCOP-OP1,NCCM-TX1,2
TXSA-OP1,NCCM-TX1,2
TXSB-OP1,NCCM-TX1,1
VATB-OP1,NCCM-TX1,3
ALOB-OP1,NCDU-TX1,1
AROR-OP1,NCDU-TX1,3
CORS-OP1,NCDU-TX1,3
FLFH-IO1,NCDU-TX1,1
FLMP-OP1,NCDU-TX1,1
FLUF-IO1,NCDU-TX1,1
FLWC-OP1,NCDU-TX1,2
GALL-OP1,NCDU-TX1,9
IAOP-OP1,NCDU-TX1,1
ILIP-OP1,NCDU-TX1,1
INOP-OP1,NCDU-TX1,11
KYDA-OP1,NCDU-TX1,3
LAOP-OP1,NCDU-TX1,4
MAOB-OP1,NCDU-TX1,4
MDPC-OP1,NCDU-TX1,5
MIOP-OP1,NCDU-TX1,4
MNOP-OP1,NCDU-TX1,2
MOMA-OP1,NCDU-TX1,4
MSOP-OP1,NCDU-TX1,1
MWOB-OP1,NCDU-TX1,3
NCCM-IO1,NCDU-TX1,9
NCNC-OP1,NCDU-TX1,15
NEOR-OP1,NCDU-TX1,1
NJTO-OP1,NCDU-TX1,2
NMOP-OP1,NCDU-TX1,1
NVLV-OP1,NCDU-TX1,1
NYAP-OP1,NCDU-TX1,1
NYRT-OP1,NCDU-TX1,1
NYWN-OP1,NCDU-TX1,1
OHLB-OP1,NCDU-TX1,3
OHLP-OP1,NCDU-TX1,1
OKOP-OP1,NCDU-TX1,1
PADV-OP1,NCDU-TX1,12
PATF-OP1,NCDU-TX1,6
SCOP-OP1,NCDU-TX1,4
TNDS-OP1,NCDU-TX1,2
TXGC-OP1,NCDU-TX1,2
TXSA-OP1,NCDU-TX1,1
TXSB-OP1,NCDU-TX1,4
VATB-OP1,NCDU-TX1,2
WIDN-OP1,NCDU-TX1,1
WIUW-IO1,NCDU-TX1,1
ALOB-OP1,NCMH-TX1,1
FLFH-IO1,NCMH-TX1,1
GALL-OP1,NCMH-TX1,4
MAOB-OP1,NCMH-TX1,2
MIOP-OP1,NCMH-TX1,1
NCNC-OP1,NCMH-TX1,1
OHLC-OP1,NCMH-TX1,1
PADV-OP1,NCMH-TX1,1
PRLL-OP1,NCMH-TX1,1
SCOP-OP1,NCMH-TX1,1
VATB-OP1,NCMH-TX1,1
WALC-OP1,NCMH-TX1,1
WIDN-OP1,NCMH-TX1,1
CORS-OP1,NECH-TX1,1
MWOB-OP1,NECH-TX1,1
TNMS-OP1,NECH-TX1,1
AZOB-OP1,NEUN-TX1,3
CORS-OP1,NEUN-TX1,13
IAOP-OP1,NEUN-TX1,1
ILIP-OP1,NEUN-TX1,2
MIOP-OP1,NEUN-TX1,1
MNOP-OP1,NEUN-TX1,1
MOMA-OP1,NEUN-TX1,1
MWOB-OP1,NEUN-TX1,3
NCCM-IO1,NEUN-TX1,1
NEOR-OP1,NEUN-TX1,6
NMOP-OP1,NEUN-TX1,1
OKOP-OP1,NEUN-TX1,1
ORUO-IO1,NEUN-TX1,2
TNMS-OP1,NEUN-TX1,1
UTOP-OP1,NEUN-TX1,1
WALC-OP1,NEUN-TX1,1
WIUW-IO1,NEUN-TX1,1
INOP-OP1,NJBI-TX1,1
MAOB-OP1,NJBI-TX1,1
MDPC-OP1,NJBI-TX1,2
MNOP-OP1,NJBI-TX1,1
NCCM-IO1,NJBI-TX1,1
OHLB-OP1,NJBI-TX1,1
OHLC-OP1,NJBI-TX1,1
PADV-OP1,NJBI-TX1,8
PATF-OP1,NJBI-TX1,1
SCOP-OP1,NJBI-TX1,1
KYDA-OP1,NJRW-TX1,1
MAOB-OP1,NJRW-TX1,1
MDPC-OP1,NJRW-TX1,1
MIOP-OP1,NJRW-TX1,3
NCNC-OP1,NJRW-TX1,1
NYRT-OP1,NJRW-TX1,2
OHLB-OP1,NJRW-TX1,2
OHLC-OP1,NJRW-TX1,1
PADV-OP1,NJRW-TX1,1
VATB-OP1,NJRW-TX1,1
NCCM-IO1,NYCC-TX1,1
NYAP-OP1,NYCC-TX1,1
AROR-OP1,NYCP-TX1,1
FLMP-OP1,NYCP-TX1,1
ILIP-OP1,NYCP-TX1,2
INOP-OP1,NYCP-TX1,1
LAOP-OP1,NYCP-TX1,2
MAOB-OP1,NYCP-TX1,8
MDPC-OP1,NYCP-TX1,8
MIOP-OP1,NYCP-TX1,1
NCNC-OP1,NYCP-TX1,7
NJTO-OP1,NYCP-TX1,3
NYAP-OP1,NYCP-TX1,1
NYFL-IO1,NYCP-TX1,4
NYRT-OP1,NYCP-TX1,9
NYWN-OP1,NYCP-TX1,2
OHLB-OP1,NYCP-TX1,3
OHLC-OP1,NYCP-TX1,4
OHLP-OP1,NYCP-TX1,2
PADV-OP1,NYCP-TX1,10
PATF-OP1,NYCP-TX1,3
PRLL-OP1,NYCP-TX1,1
TNDS-OP1,NYCP-TX1,1
TNMS-OP1,NYCP-TX1,2
UTOP-OP1,NYCP-TX1,1
VATB-OP1,NYCP-TX1,6
INOP-OP1,NYFL-TX1,2
MAOB-OP1,NYFL-TX1,2
MNOP-OP1,NYFL-TX1,1
NCCM-IO1,NYFL-TX1,1
NJTO-OP1,NYFL-TX1,1
NVLV-OP1,NYFL-TX1,1
NYAP-OP1,NYFL-TX1,3
NYFL-IO1,NYFL-TX1,2
NYWN-OP1,NYFL-TX1,2
PADV-OP1,NYFL-TX1,1
PATF-OP1,NYFL-TX1,1
WIDN-OP1,NYFL-TX1,1
WIUW-IO1,NYFL-TX1,2
ALOB-OP1,NYMA-TX1,1
FLUF-IO1,NYMA-TX1,2
FLWC-OP1,NYMA-TX1,1
MAOB-OP1,NYMA-TX1,4
MIOP-OP1,NYMA-TX1,1
MNOP-OP1,NYMA-TX1,1
NCCM-IO1,NYMA-TX1,1
NJTO-OP1,NYMA-TX1,1
NYRT-OP1,NYMA-TX1,3
OHLB-OP1,NYMA-TX1,2
OHLC-OP1,NYMA-TX1,1
PADV-OP1,NYMA-TX1,5
PATF-OP1,NYMA-TX1,5
PRLL-OP1,NYMA-TX1,1
WIUW-IO1,NYMA-TX1,1
AROR-OP1,NYMS-TX1,1
CAOP-OP1,NYMS-TX1,1
FLUF-IO1,NYMS-TX1,2
FLWC-OP1,NYMS-TX1,3
IAOP-OP1,NYMS-TX1,1
ILIP-OP1,NYMS-TX1,2
KYDA-OP1,NYMS-TX1,3
MAOB-OP1,NYMS-TX1,16
MDPC-OP1,NYMS-TX1,2
MIOP-OP1,NYMS-TX1,3
MNOP-OP1,NYMS-TX1,2
MOMA-OP1,NYMS-TX1,1
MWOB-OP1,NYMS-TX1,1
NCNC-OP1,NYMS-TX1,2
NJTO-OP1,NYMS-TX1,5
NVLV-OP1,NYMS-TX1,2
NYAP-OP1,NYMS-TX1,2
NYRT-OP1,NYMS-TX1,2
NYWN-OP1,NYMS-TX1,1
OHLB-OP1,NYMS-TX1,1
OHLC-OP1,NYMS-TX1,2
OHLP-OP1,NYMS-TX1,3
OKOP-OP1,NYMS-TX1,1
PADV-OP1,NYMS-TX1,7
PATF-OP1,NYMS-TX1,2
TNDS-OP1,NYMS-TX1,1
TXGC-OP1,NYMS-TX1,2
TXSA-OP1,NYMS-TX1,1
TXSB-OP1,NYMS-TX1,3
WIDN-OP1,NYMS-TX1,2
FLUF-IO1,NYNS-TX1,1
GALL-OP1,NYNS-TX1,1
ILIP-OP1,NYNS-TX1,1
KYDA-OP1,NYNS-TX1,1
MAOB-OP1,NYNS-TX1,1
MIOP-OP1,NYNS-TX1,1
NCCM-IO1,NYNS-TX1,3
NCNC-OP1,NYNS-TX1,1
NJTO-OP1,NYNS-TX1,1
NYAP-OP1,NYNS-TX1,2
NYRT-OP1,NYNS-TX1,4
OHLB-OP1,NYNS-TX1,1
OHLC-OP1,NYNS-TX1,2
OHLP-OP1,NYNS-TX1,1
PADV-OP1,NYNS-TX1,5
PATF-OP1,NYNS-TX1,3
SCOP-OP1,NYNS-TX1,1
TNDS-OP1,NYNS-TX1,1
TNMS-OP1,NYNS-TX1,1
VATB-OP1,NYNS-TX1,3
WIUW-IO1,NYNS-TX1,1
ILIP-OP1,NYNY-TX1,2
MAOB-OP1,NYNY-TX1,3
MDPC-OP1,NYNY-TX1,1
MNOP-OP1,NYNY-TX1,1
MWOB-OP1,NYNY-TX1,1
NJTO-OP1,NYNY-TX1,1
NYFL-IO1,NYNY-TX1,1
NYRT-OP1,NYNY-TX1,1
OHLB-OP1,NYNY-TX1,1
OHLC-OP1,NYNY-TX1,1
OHLP-OP1,NYNY-TX1,3
PADV-OP1,NYNY-TX1,3
PATF-OP1,NYNY-TX1,1
ALOB-OP1,NYUC-TX1,1
FLMP-OP1,NYUC-TX1,1
GALL-OP1,NYUC-TX1,1
IAOP-OP1,NYUC-TX1,1
ILIP-OP1,NYUC-TX1,1
KYDA-OP1,NYUC-TX1,2
MAOB-OP1,NYUC-TX1,5
MDPC-OP1,NYUC-TX1,4
MIOP-OP1,NYUC-TX1,3
NCNC-OP1,NYUC-TX1,6
NJTO-OP1,NYUC-TX1,5
NYAP-OP1,NYUC-TX1,2
NYFL-IO1,NYUC-TX1,1
NYRT-OP1,NYUC-TX1,14
NYWN-OP1,NYUC-TX1,1
OHLB-OP1,NYUC-TX1,2
OHLP-OP1,NYUC-TX1,2
PADV-OP1,NYUC-TX1,8
PATF-OP1,NYUC-TX1,7
VATB-OP1,NYUC-TX1,3
WIDN-OP1,NYUC-TX1,1
WIUW-IO1,NYUC-TX1,1
FLFH-IO1,NYWC-TX1,1
FLMP-OP1,NYWC-TX1,1
MAOB-OP1,NYWC-TX1,5
MDPC-OP1,NYWC-TX1,1
NJTO-OP1,NYWC-TX1,2
NYAP-OP1,NYWC-TX1,1
NYFL-IO1,NYWC-TX1,1
NYRT-OP1,NYWC-TX1,2
NYWN-OP1,NYWC-TX1,1
PADV-OP1,NYWC-TX1,2
ALOB-OP1,OHCC-TX1,2
AROR-OP1,OHCC-TX1,2
FLWC-OP1,OHCC-TX1,1
GALL-OP1,OHCC-TX1,4
IAOP-OP1,OHCC-TX1,2
ILIP-OP1,OHCC-TX1,6
INOP-OP1,OHCC-TX1,7
KYDA-OP1,OHCC-TX1,3
LAOP-OP1,OHCC-TX1,2
MAOB-OP1,OHCC-TX1,6
MDPC-OP1,OHCC-TX1,2
MIOP-OP1,OHCC-TX1,1
MOMA-OP1,OHCC-TX1,1
MWOB-OP1,OHCC-TX1,1
NCCM-IO1,OHCC-TX1,1
NCNC-OP1,OHCC-TX1,2
NEOR-OP1,OHCC-TX1,1
NJTO-OP1,OHCC-TX1,3
NVLV-OP1,OHCC-TX1,1
NYAP-OP1,OHCC-TX1,1
NYRT-OP1,OHCC-TX1,2
OHLB-OP1,OHCC-TX1,6
OHLC-OP1,OHCC-TX1,2
OHLP-OP1,OHCC-TX1,1
PADV-OP1,OHCC-TX1,4
PATF-OP1,OHCC-TX1,7
TNDS-OP1,OHCC-TX1,7
UTOP-OP1,OHCC-TX1,1
VATB-OP1,OHCC-TX1,2
WIDN-OP1,OHCC-TX1,5
WIUW-IO1,OHCC-TX1,4
GALL-OP1,OHCH-TX1,3
MAOB-OP1,OHCH-TX1,1
MIOP-OP1,OHCH-TX1,1
MOMA-OP1,OHCH-TX1,1
NCNC-OP1,OHCH-TX1,1
PATF-OP1,OHCH-TX1,1
TNDS-OP1,OHCH-TX1,2
TNMS-OP1,OHCH-TX1,1
ALOB-OP1,OHCM-TX1,3
ILIP-OP1,OHCM-TX1,1
MWOB-OP1,OHCM-TX1,2
NCCM-IO1,OHCM-TX1,1
OKOP-OP1,OHCM-TX1,1
SCOP-OP1,OHCM-TX1,2
TNDS-OP1,OHCM-TX1,1
GALL-OP1,OHOU-TX1,2
ILIP-OP1,OHOU-TX1,4
INOP-OP1,OHOU-TX1,4
KYDA-OP1,OHOU-TX1,1
MAOB-OP1,OHOU-TX1,3
MOMA-OP1,OHOU-TX1,1
NCNC-OP1,OHOU-TX1,1
NJTO-OP1,OHOU-TX1,1
NYRT-OP1,OHOU-TX1,1
OHLB-OP1,OHOU-TX1,1
OHLC-OP1,OHOU-TX1,2
OHLP-OP1,OHOU-TX1,1
PADV-OP1,OHOU-TX1,2
PATF-OP1,OHOU-TX1,3
SCOP-OP1,OHOU-TX1,1
TNDS-OP1,OHOU-TX1,1
TNMS-OP1,OHOU-TX1,2
TXSB-OP1,OHOU-TX1,1
UTOP-OP1,OHOU-TX1,1
WIDN-OP1,OHOU-TX1,1
FLMP-OP1,OHTC-TX1,1
ILIP-OP1,OHTC-TX1,2
INOP-OP1,OHTC-TX1,1
KYDA-OP1,OHTC-TX1,1
MAOB-OP1,OHTC-TX1,1
MDPC-OP1,OHTC-TX1,1
MIOP-OP1,OHTC-TX1,1
MOMA-OP1,OHTC-TX1,1
MSOP-OP1,OHTC-TX1,1
NCNC-OP1,OHTC-TX1,1
PATF-OP1,OHTC-TX1,4
TNDS-OP1,OHTC-TX1,1
VATB-OP1,OHTC-TX1,1
GALL-OP1,OHUC-TX1,1
ILIP-OP1,OHUC-TX1,2
MOMA-OP1,OHUC-TX1,1
NYRT-OP1,OHUC-TX1,1
TNDS-OP1,OHUC-TX1,1
GALL-OP1,OHUH-TX1,1
ILIP-OP1,OHUH-TX1,1
KYDA-OP1,OHUH-TX1,3
MDPC-OP1,OHUH-TX1,1
MIOP-OP1,OHUH-TX1,1
MOMA-OP1,OHUH-TX1,1
OHLB-OP1,OHUH-TX1,1
OHLP-OP1,OHUH-TX1,4
WIUW-IO1,OHUH-TX1,1
AROR-OP1,OKBC-TX1,1
CORS-OP1,OKBC-TX1,4
MNOP-OP1,OKBC-TX1,1
MOMA-OP1,OKBC-TX1,1
OKOP-OP1,OKBC-TX1,1
TXGC-OP1,OKBC-TX1,4
TXSA-OP1,OKBC-TX1,2
TXSB-OP1,OKBC-TX1,3
MWOB-OP1,OKCM-TX1,1
OKOP-OP1,OKCM-TX1,1
AZOB-OP1,ORSV-TX1,1
CADN-OP1,ORSV-TX1,1
CAOP-OP1,ORSV-TX1,1
CASD-IO1,ORSV-TX1,1
ORUO-IO1,ORSV-TX1,6
WALC-OP1,ORSV-TX1,3
ORUO-IO1,ORUO-TX1,3
WALC-OP1,ORUO-TX1,10
ILIP-OP1,PAAG-TX1,1
INOP-OP1,PAAG-TX1,3
MAOB-OP1,PAAG-TX1,2
MDPC-OP1,PAAG-TX1,1
NCCM-IO1,PAAG-TX1,1
NYRT-OP1,PAAG-TX1,1
PADV-OP1,PAAG-TX1,2
PATF-OP1,PAAG-TX1,5
TNDS-OP1,PAAG-TX1,2
ILIP-OP1,PACH-TX1,2
INOP-OP1,PACH-TX1,1
KYDA-OP1,PACH-TX1,1
LAOP-OP1,PACH-TX1,1
MDPC-OP1,PACH-TX1,1
MIOP-OP1,PACH-TX1,3
MSOP-OP1,PACH-TX1,1
NCCM-IO1,PACH-TX1,1
OHLP-OP1,PACH-TX1,1
PATF-OP1,PACH-TX1,4
VATB-OP1,PACH-TX1,2
ILIP-OP1,PACP-TX1,1
MAOB-OP1,PACP-TX1,2
MDPC-OP1,PACP-TX1,1
NCCM-IO1,PACP-TX1,1
NJTO-OP1,PACP-TX1,1
NYAP-OP1,PACP-TX1,1
NYRT-OP1,PACP-TX1,1
OHLP-OP1,PACP-TX1,1
PADV-OP1,PACP-TX1,2
PATF-OP1,PACP-TX1,1
INOP-OP1,PAHE-TX1,1
KYDA-OP1,PAHE-TX1,1
MAOB-OP1,PAHE-TX1,1
NJTO-OP1,PAHE-TX1,1
NYAP-OP1,PAHE-TX1,2
PADV-OP1,PAHE-TX1,3
PATF-OP1,PAHE-TX1,2
SCOP-OP1,PAHE-TX1,1
VATB-OP1,PAHE-TX1,1
ALOB-OP1,PAPT-TX1,1
FLWC-OP1,PAPT-TX1,1
GALL-OP1,PAPT-TX1,2
INOP-OP1,PAPT-TX1,4
LAOP-OP1,PAPT-TX1,1
MIOP-OP1,PAPT-TX1,2
MSOP-OP1,PAPT-TX1,1
NCNC-OP1,PAPT-TX1,2
NEOR-OP1,PAPT-TX1,1
NJTO-OP1,PAPT-TX1,1
NYAP-OP1,PAPT-TX1,1
OHLB-OP1,PAPT-TX1,1
OKOP-OP1,PAPT-TX1,2
PADV-OP1,PAPT-TX1,3
PATF-OP1,PAPT-TX1,3
TNDS-OP1,PAPT-TX1,2
VATB-OP1,PAPT-TX1,2
WIUW-IO1,PAPT-TX1,1
FLMP-OP1,PATJ-TX1,1
INOP-OP1,PATJ-TX1,1
MAOB-OP1,PATJ-TX1,2
NCNC-OP1,PATJ-TX1,1
NYAP-OP1,PATJ-TX1,1
NYFL-IO1,PATJ-TX1,1
NYRT-OP1,PATJ-TX1,5
OHLB-OP1,PATJ-TX1,1
OHLC-OP1,PATJ-TX1,1
OHLP-OP1,PATJ-TX1,2
PADV-OP1,PATJ-TX1,1
PATF-OP1,PATJ-TX1,2
SCOP-OP1,PATJ-TX1,1
IAOP-OP1,PATU-TX1,1
PADV-OP1,PATU-TX1,1
PATF-OP1,PATU-TX1,1
VATB-OP1,PATU-TX1,3
INOP-OP1,PAUP-TX1,1
KYDA-OP1,PAUP-TX1,1
MAOB-OP1,PAUP-TX1,6
MDPC-OP1,PAUP-TX1,4
MIOP-OP1,PAUP-TX1,3
MWOB-OP1,PAUP-TX1,1
NCCM-IO1,PAUP-TX1,3
NCNC-OP1,PAUP-TX1,1
NJTO-OP1,PAUP-TX1,4
NYAP-OP1,PAUP-TX1,2
NYRT-OP1,PAUP-TX1,1
OHLB-OP1,PAUP-TX1,5
OHLC-OP1,PAUP-TX1,3
OHLP-OP1,PAUP-TX1,2
PADV-OP1,PAUP-TX1,6
PATF-OP1,PAUP-TX1,5
SCOP-OP1,PAUP-TX1,4
TNDS-OP1,PAUP-TX1,3
VATB-OP1,PAUP-TX1,2
PRLL-OP1,PRCC-TX1,2
FLMP-OP1,SCCH-TX1,2
KYDA-OP1,SCCH-TX1,1
MDPC-OP1,SCCH-TX1,1
NCNC-OP1,SCCH-TX1,2
PADV-OP1,SCCH-TX1,3
TNDS-OP1,SCCH-TX1,1
ALOB-OP1,SCMU-TX1,3
FLFH-IO1,SCMU-TX1,3
FLMP-OP1,SCMU-TX1,3
FLUF-IO1,SCMU-TX1,6
FLWC-OP1,SCMU-TX1,6
GALL-OP1,SCMU-TX1,6
KYDA-OP1,SCMU-TX1,3
LAOP-OP1,SCMU-TX1,2
MAOB-OP1,SCMU-TX1,1
MDPC-OP1,SCMU-TX1,3
MNOP-OP1,SCMU-TX1,1
MSOP-OP1,SCMU-TX1,1
NCCM-IO1,SCMU-TX1,2
NCNC-OP1,SCMU-TX1,7
NEOR-OP1,SCMU-TX1,1
OHLB-OP1,SCMU-TX1,1
OHLP-OP1,SCMU-TX1,2
OKOP-OP1,SCMU-TX1,1
PADV-OP1,SCMU-TX1,5
PATF-OP1,SCMU-TX1,2
SCOP-OP1,SCMU-TX1,6
TNDS-OP1,SCMU-TX1,5
TXGC-OP1,SCMU-TX1,4
TXSB-OP1,SCMU-TX1,2
VATB-OP1,SCMU-TX1,1
GALL-OP1,TNBM-TX1,2
ILIP-OP1,TNBM-TX1,1
MWOB-OP1,TNBM-TX1,2
TNMS-OP1,TNBM-TX1,2
TXSB-OP1,TNBM-TX1,2
LAOP-OP1,TNLB-TX1,1
NYWN-OP1,TNLB-TX1,1
OKOP-OP1,TNLB-TX1,1
TNDS-OP1,TNLB-TX1,1
TXSB-OP1,TNLB-TX1,1
ALOB-OP1,TNST-TX1,4
AROR-OP1,TNST-TX1,1
FLUF-IO1,TNST-TX1,4
GALL-OP1,TNST-TX1,3
IAOP-OP1,TNST-TX1,1
ILIP-OP1,TNST-TX1,2
INOP-OP1,TNST-TX1,3
KYDA-OP1,TNST-TX1,2
LAOP-OP1,TNST-TX1,2
MIOP-OP1,TNST-TX1,2
MNOP-OP1,TNST-TX1,1
MWOB-OP1,TNST-TX1,1
NCNC-OP1,TNST-TX1,3
OHLC-OP1,TNST-TX1,2
OHLP-OP1,TNST-TX1,1
TNDS-OP1,TNST-TX1,1
TXGC-OP1,TNST-TX1,1
TXSA-OP1,TNST-TX1,2
WIDN-OP1,TNST-TX1,1
ALOB-OP1,TNVU-TX1,5
AROR-OP1,TNVU-TX1,9
AZOB-OP1,TNVU-TX1,2
CADN-OP1,TNVU-TX1,2
CAOP-OP1,TNVU-TX1,1
CORS-OP1,TNVU-TX1,8
FLFH-IO1,TNVU-TX1,2
FLMP-OP1,TNVU-TX1,1
FLUF-IO1,TNVU-TX1,3
FLWC-OP1,TNVU-TX1,3
GALL-OP1,TNVU-TX1,10
IAOP-OP1,TNVU-TX1,3
ILIP-OP1,TNVU-TX1,10
INOP-OP1,TNVU-TX1,9
KYDA-OP1,TNVU-TX1,2
LAOP-OP1,TNVU-TX1,10
MAOB-OP1,TNVU-TX1,1
MIOP-OP1,TNVU-TX1,2
MNOP-OP1,TNVU-TX1,2
MOMA-OP1,TNVU-TX1,11
MSOP-OP1,TNVU-TX1,2
MWOB-OP1,TNVU-TX1,3
NCCM-IO1,TNVU-TX1,1
NCNC-OP1,TNVU-TX1,5
NJTO-OP1,TNVU-TX1,2
NMOP-OP1,TNVU-TX1,2
NVLV-OP1,TNVU-TX1,2
NYAP-OP1,TNVU-TX1,1
NYWN-OP1,TNVU-TX1,1
OHLB-OP1,TNVU-TX1,1
OHLC-OP1,TNVU-TX1,2
OHLP-OP1,TNVU-TX1,3
OKOP-OP1,TNVU-TX1,9
ORUO-IO1,TNVU-TX1,1
PADV-OP1,TNVU-TX1,5
PATF-OP1,TNVU-TX1,6
SCOP-OP1,TNVU-TX1,5
TNDS-OP1,TNVU-TX1,29
TNMS-OP1,TNVU-TX1,2
TXGC-OP1,TNVU-TX1,4
TXSA-OP1,TNVU-TX1,5
TXSB-OP1,TNVU-TX1,5
UTOP-OP1,TNVU-TX1,3
VATB-OP1,TNVU-TX1,2
WALC-OP1,TNVU-TX1,5
WIDN-OP1,TNVU-TX1,4
WIUW-IO1,TNVU-TX1,4
AROR-OP1,TXCM-TX1,4
CAGS-OP1,TXCM-TX1,1
CAOP-OP1,TXCM-TX1,1
ILIP-OP1,TXCM-TX1,1
LAOP-OP1,TXCM-TX1,2
MWOB-OP1,TXCM-TX1,4
NCNC-OP1,TXCM-TX1,1
OKOP-OP1,TXCM-TX1,2
TNMS-OP1,TXCM-TX1,1
TXGC-OP1,TXCM-TX1,4
TXSA-OP1,TXCM-TX1,1
TXSB-OP1,TXCM-TX1,3
WALC-OP1,TXCM-TX1,1
LAOP-OP1,TXCT-TX1,1
MSOP-OP1,TXCT-TX1,3
OKOP-OP1,TXCT-TX1,1
TXGC-OP1,TXCT-TX1,2
FLWC-OP1,TXDL-TX1,1
MSOP-OP1,TXDL-TX1,1
TNMS-OP1,TXDL-TX1,2
TXGC-OP1,TXDL-TX1,2
TXSA-OP1,TXDL-TX1,2
TXSB-OP1,TXDL-TX1,1
UTOP-OP1,TXDL-TX1,1
CORS-OP1,TXHD-TX1,2
LAOP-OP1,TXHD-TX1,2
OKOP-OP1,TXHD-TX1,2
TXGC-OP1,TXHD-TX1,3
TXSA-OP1,TXHD-TX1,2
TXSB-OP1,TXHD-TX1,4
AZOB-OP1,TXHH-TX1,1
LAOP-OP1,TXHH-TX1,6
NVLV-OP1,TXHH-TX1,1
OKOP-OP1,TXHH-TX1,4
TXGC-OP1,TXHH-TX1,4
TXSA-OP1,TXHH-TX1,3
TXSB-OP1,TXHH-TX1,4
AZOB-OP1,TXHI-TX1,1
CORS-OP1,TXHI-TX1,2
LAOP-OP1,TXHI-TX1,3
MWOB-OP1,TXHI-TX1,1
OKOP-OP1,TXHI-TX1,1
TNMS-OP1,TXHI-TX1,1
TXGC-OP1,TXHI-TX1,6
TXSA-OP1,TXHI-TX1,5
TXSB-OP1,TXHI-TX1,10
AZOB-OP1,TXHS-TX1,3
CORS-OP1,TXHS-TX1,3
LAOP-OP1,TXHS-TX1,3
MOMA-OP1,TXHS-TX1,1
MSOP-OP1,TXHS-TX1,1
MWOB-OP1,TXHS-TX1,6
NMOP-OP1,TXHS-TX1,1
OKOP-OP1,TXHS-TX1,5
TXGC-OP1,TXHS-TX1,17
TXSA-OP1,TXHS-TX1,12
TXSB-OP1,TXHS-TX1,15
LAOP-OP1,TXJS-TX1,2
OKOP-OP1,TXJS-TX1,1
TXSA-OP1,TXJS-TX1,1
AROR-OP1,TXMH-TX1,2
AZOB-OP1,TXMH-TX1,2
CORS-OP1,TXMH-TX1,2
LAOP-OP1,TXMH-TX1,8
MIOP-OP1,TXMH-TX1,1
MOMA-OP1,TXMH-TX1,1
MSOP-OP1,TXMH-TX1,1
MWOB-OP1,TXMH-TX1,1
NEOR-OP1,TXMH-TX1,1
NMOP-OP1,TXMH-TX1,2
NYWN-OP1,TXMH-TX1,1
OKOP-OP1,TXMH-TX1,3
TXGC-OP1,TXMH-TX1,22
TXSA-OP1,TXMH-TX1,8
TXSB-OP1,TXMH-TX1,18
ALOB-OP1,TXSP-TX1,1
AZOB-OP1,TXSP-TX1,2
FLFH-IO1,TXSP-TX1,1
LAOP-OP1,TXSP-TX1,4
MOMA-OP1,TXSP-TX1,1
MWOB-OP1,TXSP-TX1,1
NMOP-OP1,TXSP-TX1,1
NVLV-OP1,TXSP-TX1,2
OKOP-OP1,TXSP-TX1,2
ORUO-IO1,TXSP-TX1,1
TXGC-OP1,TXSP-TX1,13
TXSA-OP1,TXSP-TX1,3
TXSB-OP1,TXSP-TX1,21
UTOP-OP1,TXSP-TX1,1
WALC-OP1,TXSP-TX1,2
AROR-OP1,TXSW-TX1,1
LAOP-OP1,TXSW-TX1,1
MNOP-OP1,TXSW-TX1,2
MWOB-OP1,TXSW-TX1,1
OKOP-OP1,TXSW-TX1,2
TNMS-OP1,TXSW-TX1,1
TXGC-OP1,TXSW-TX1,3
TXSA-OP1,TXSW-TX1,4
TXSB-OP1,TXSW-TX1,10
AROR-OP1,TXTC-TX1,1
LAOP-OP1,TXTC-TX1,5
MSOP-OP1,TXTC-TX1,2
OKOP-OP1,TXTC-TX1,1
TXGC-OP1,TXTC-TX1,10
TXSA-OP1,TXTC-TX1,5
TXSB-OP1,TXTC-TX1,5
ALOB-OP1,TXTX-TX1,1
AROR-OP1,TXTX-TX1,5
AZOB-OP1,TXTX-TX1,3
CADN-OP1,TXTX-TX1,2
CAGS-OP1,TXTX-TX1,2
CAOP-OP1,TXTX-TX1,1
CORS-OP1,TXTX-TX1,1
FLMP-OP1,TXTX-TX1,2
GALL-OP1,TXTX-TX1,2
ILIP-OP1,TXTX-TX1,1
INOP-OP1,TXTX-TX1,2
KYDA-OP1,TXTX-TX1,1
LAOP-OP1,TXTX-TX1,2
MIOP-OP1,TXTX-TX1,1
MNOP-OP1,TXTX-TX1,3
MWOB-OP1,TXTX-TX1,1
NCCM-IO1,TXTX-TX1,2
NJTO-OP1,TXTX-TX1,1
NMOP-OP1,TXTX-TX1,1
NVLV-OP1,TXTX-TX1,2
OKOP-OP1,TXTX-TX1,7
PADV-OP1,TXTX-TX1,2
TNDS-OP1,TXTX-TX1,1
TXGC-OP1,TXTX-TX1,14
TXSA-OP1,TXTX-TX1,5
TXSB-OP1,TXTX-TX1,21
UTOP-OP1,TXTX-TX1,2
LAOP-OP1,TXVA-TX1,1
TXSA-OP1,TXVA-TX1,2
TXSB-OP1,TXVA-TX1,1
AZOB-OP1,UTLD-TX1,4
CADN-OP1,UTLD-TX1,2
CAGS-OP1,UTLD-TX1,3
CAOP-OP1,UTLD-TX1,1
CORS-OP1,UTLD-TX1,7
MNOP-OP1,UTLD-TX1,1
NMOP-OP1,UTLD-TX1,2
NVLV-OP1,UTLD-TX1,1
UTOP-OP1,UTLD-TX1,6
WALC-OP1,UTLD-TX1,5
AZOB-OP1,UTMC-TX1,6
CADN-OP1,UTMC-TX1,3
CAOP-OP1,UTMC-TX1,3
CORS-OP1,UTMC-TX1,3
MNOP-OP1,UTMC-TX1,1
MWOB-OP1,UTMC-TX1,1
NVLV-OP1,UTMC-TX1,2
ORUO-IO1,UTMC-TX1,2
UTOP-OP1,UTMC-TX1,10
WALC-OP1,UTMC-TX1,7
AZOB-OP1,UTPC-TX1,1
CAGS-OP1,UTPC-TX1,2
CAOP-OP1,UTPC-TX1,2
CASD-IO1,UTPC-TX1,2
CORS-OP1,UTPC-TX1,2
NMOP-OP1,UTPC-TX1,1
NVLV-OP1,UTPC-TX1,6
ORUO-IO1,UTPC-TX1,1
UTOP-OP1,UTPC-TX1,1
FLMP-OP1,VAFH-TX1,1
GALL-OP1,VAFH-TX1,7
INOP-OP1,VAFH-TX1,1
KYDA-OP1,VAFH-TX1,1
MAOB-OP1,VAFH-TX1,3
MDPC-OP1,VAFH-TX1,4
MIOP-OP1,VAFH-TX1,1
MWOB-OP1,VAFH-TX1,1
NCNC-OP1,VAFH-TX1,1
NJTO-OP1,VAFH-TX1,1
NYAP-OP1,VAFH-TX1,1
NYRT-OP1,VAFH-TX1,2
PADV-OP1,VAFH-TX1,3
PATF-OP1,VAFH-TX1,3
SCOP-OP1,VAFH-TX1,3
TNDS-OP1,VAFH-TX1,2
VATB-OP1,VAFH-TX1,1
FLUF-IO1,VAMC-TX1,1
GALL-OP1,VAMC-TX1,2
INOP-OP1,VAMC-TX1,1
KYDA-OP1,VAMC-TX1,1
MDPC-OP1,VAMC-TX1,1
MIOP-OP1,VAMC-TX1,3
NCCM-IO1,VAMC-TX1,1
NCNC-OP1,VAMC-TX1,1
NYAP-OP1,VAMC-TX1,2
NYWN-OP1,VAMC-TX1,1
OHLB-OP1,VAMC-TX1,1
OHLP-OP1,VAMC-TX1,2
PATF-OP1,VAMC-TX1,2
SCOP-OP1,VAMC-TX1,1
TNDS-OP1,VAMC-TX1,3
VATB-OP1,VAMC-TX1,3
WIUW-IO1,VAMC-TX1,1
FLUF-IO1,VANG-TX1,1
FLWC-OP1,VANG-TX1,2
GALL-OP1,VANG-TX1,1
INOP-OP1,VANG-TX1,2
KYDA-OP1,VANG-TX1,1
LAOP-OP1,VANG-TX1,1
MAOB-OP1,VANG-TX1,1
MWOB-OP1,VANG-TX1,1
NCCM-IO1,VANG-TX1,1
NCNC-OP1,VANG-TX1,1
NYWN-OP1,VANG-TX1,2
OHLC-OP1,VANG-TX1,2
VATB-OP1,VANG-TX1,2
FLUF-IO1,VAUV-TX1,1
GALL-OP1,VAUV-TX1,4
ILIP-OP1,VAUV-TX1,2
INOP-OP1,VAUV-TX1,1
KYDA-OP1,VAUV-TX1,1
MDPC-OP1,VAUV-TX1,2
NJTO-OP1,VAUV-TX1,1
NYAP-OP1,VAUV-TX1,1
NYWN-OP1,VAUV-TX1,2
OHLB-OP1,VAUV-TX1,2
OHLC-OP1,VAUV-TX1,1
PADV-OP1,VAUV-TX1,2
TNDS-OP1,VAUV-TX1,3
VATB-OP1,VAUV-TX1,4
ORUO-IO1,WACH-TX1,5
UTOP-OP1,WACH-TX1,2
WALC-OP1,WACH-TX1,6
ORUO-IO1,WASH-TX1,2
WALC-OP1,WASH-TX1,4
AZOB-OP1,WAUW-TX1,1
CADN-OP1,WAUW-TX1,1
CAGS-OP1,WAUW-TX1,1
CAOP-OP1,WAUW-TX1,2
CASD-IO1,WAUW-TX1,2
CORS-OP1,WAUW-TX1,1
NVLV-OP1,WAUW-TX1,3
ORUO-IO1,WAUW-TX1,17
UTOP-OP1,WAUW-TX1,1
WALC-OP1,WAUW-TX1,36
IAOP-OP1,WICH-TX1,1
KYDA-OP1,WICH-TX1,2
NEOR-OP1,WICH-TX1,2
OHLC-OP1,WICH-TX1,1
WIUW-IO1,WICH-TX1,1
CORS-OP1,WISE-TX1,2
IAOP-OP1,WISE-TX1,1
KYDA-OP1,WISE-TX1,2
MIOP-OP1,WISE-TX1,2
MNOP-OP1,WISE-TX1,2
MOMA-OP1,WISE-TX1,1
MWOB-OP1,WISE-TX1,2
NCCM-IO1,WISE-TX1,1
NEOR-OP1,WISE-TX1,1
NYFL-IO1,WISE-TX1,1
TNDS-OP1,WISE-TX1,2
WALC-OP1,WISE-TX1,1
WIDN-OP1,WISE-TX1,2
WIUW-IO1,WISE-TX1,3
CORS-OP1,WISL-TX1,1
FLFH-IO1,WISL-TX1,1
IAOP-OP1,WISL-TX1,2
ILIP-OP1,WISL-TX1,4
INOP-OP1,WISL-TX1,1
KYDA-OP1,WISL-TX1,1
LAOP-OP1,WISL-TX1,1
MIOP-OP1,WISL-TX1,2
MNOP-OP1,WISL-TX1,2
MWOB-OP1,WISL-TX1,2
NJTO-OP1,WISL-TX1,1
NMOP-OP1,WISL-TX1,1
PADV-OP1,WISL-TX1,1
TNDS-OP1,WISL-TX1,1
WIDN-OP1,WISL-TX1,2
WIUW-IO1,WISL-TX1,1
CORS-OP1,WIUW-TX1,3
GALL-OP1,WIUW-TX1,1
IAOP-OP1,WIUW-TX1,1
INOP-OP1,WIUW-TX1,2
MIOP-OP1,WIUW-TX1,1
MNOP-OP1,WIUW-TX1,3
MWOB-OP1,WIUW-TX1,3
NEOR-OP1,WIUW-TX1,1
OHLC-OP1,WIUW-TX1,3
PADV-OP1,WIUW-TX1,1
TXGC-OP1,WIUW-TX1,1
TXSB-OP1,WIUW-TX1,1
WIUW-IO1,WIUW-TX1,3
ALOB-OP1,WVWU-TX1,1
FLWC-OP1,WVWU-TX1,1
GALL-OP1,WVWU-TX1,2
ILIP-OP1,WVWU-TX1,1
MAOB-OP1,WVWU-TX1,1
NJTO-OP1,WVWU-TX1,1
WIDN-OP1,WVWU-TX1,1
